create database evaluaciones;

use evaluaciones;

DROP TABLE IF EXISTS `agrupamientos`;
CREATE TABLE `agrupamientos` (
	`id_agrup` int NOT NULL AUTO_INCREMENT,
    `descripcion_agrup` VARCHAR(20) DEFAULT NULL,
    PRIMARY KEY (`id_agrup`)
) ENGINE=InnoDB AUTO_INCREMENT=3;

LOCK TABLES `agrupamientos` WRITE;
INSERT INTO `agrupamientos` VALUES (1,'Asistencial'),(2,'General');
UNLOCK TABLES;

DROP TABLE IF EXISTS `evaluaciones`;
CREATE TABLE `agrupamientos`(
	`evaluado` int NOT NULL,
    `pregunta1` float DEFAULT NULL,
    `pregunta2` float DEFAULT NULL,
    `pregunta3` float DEFAULT NULL,
    `pregunta4` float DEFAULT NULL,
    `pregunta5` float DEFAULT NULL,
    `pregunta6` float DEFAULT NULL,
    `pregunta7` float DEFAULT NULL,
    `pregunta8` float DEFAULT NULL,
    `evaluador` int NOT NULL,
    `fecha_evaluacion` date DEFAULT NULL,
    `rehacer` tinyint(1) DEFAULT FALSE,
    `total` int DEFAULT NULL
);

DROP TABLE IF EXISTS `formularios`;
CREATE TABLE `formularios`(
	`id_formulario` int NOT NULL AUTO_INCREMENT,
    `descripcion_form` VARCHAR(60) NOT NULL,
    PRIMARY KEY(`id_formulario`)
)ENGINE=InnoDB AUTO_INCREMENT=26;

LOCK TABLES `formularios` WRITE;
INSERT INTO `formularios` VALUES (1,'RRHH016-A-ED-ADMINISTRACION'),(2,'RRHH016-P-ED-ADMINISTRACION'),(3,'RRHH016-PJQCO-ED-ADMINISTRACION'),(4,'RRHH016-T-ED-ADMINISTRACION'),(5,'RRHH016-AASIST-ED-EJECUTIVA'),(6,'RRHH016-A-ED-EJECUTIVA'),(7,'RRHH016-PJQCO-ED-EJECUTIVA'),(8,'RRHH016-PMS-ED-EJECUTIVA'),(9,'RRHH016-TSM-ED-EJECUTIVA'),(10,'RRHH016-A-ED-INFRAESTRUCTURA'),(11,'RRHH016-PJQCO-ED-INFRAESTRUCTURA'),(12,'RRHH016-PMS-ED-INFRAESTRUCTURA'),(13,'RRHH016-AASIST-ED-MÉDICA'),(14,'RRHH016-PE-ED-MÉDICA'),(15,'RRHH016-PG-ED-MÉDICA'),(16,'RRHH016-PHS-ED-MÉDICA'),(17,'RRHH016-PJQCO-ED-MÉDICA'),(18,'RRHH016-TGM-ED-MÉDICA'),(19,'RRHH016-TSM-ED-MÉDICA'),(20,'RRHH016-A-ED-DOCENCIA'),(21,'RRHH016-E-ED-ENFERMERIA'),(22,'RRHH016-P-ED-DOCENCIA'),(23,'RRHH016-PJQCO-ED-DOCENCIA'),(24,'RRHH016-PJQCO-ED-ENFERMERÍA'),(25,'RRHH016-TSM-ED-INFRAESTRUCTURA');
UNLOCK TABLES;

DROP TABLE IF EXISTS `roles`;
CREATE TABLE `roles`(
	`id_rol` int NOT NULL AUTO_INCREMENT,
    `descripcion_rol` VARCHAR(30) NOT NULL,
    PRIMARY KEY(`id_rol`)
) ENGINE=InnoDB AUTO_INCREMENT=4;

LOCK TABLES `roles` WRITE;
INSERT INTO `roles` VALUES (1,'Administrador'),(2,'Evaluador'),(3,'Trabajador');
UNLOCK TABLES;

DROP TABLE IF EXISTS `servicios`;
CREATE TABLE `servicios`(
	`id_servicio` int NOT NULL AUTO_INCREMENT,
    `descripcion_servicio` VARCHAR(90) NOT NULL,
    PRIMARY KEY(`id_servicio`)
)ENGINE=InnoDB AUTO_INCREMENT=111;

LOCK TABLES `servicios` WRITE;
INSERT INTO `servicios` VALUES (1,'Anatomia Patologica'),(2,'Arquitectura Hospitalaria'),(3,'Asesoria Legal, tecnica y contable'),(4,'Asuntos Legales'),(5,'Auditoria y control de gestion'),(6,'Calidad'),(7,'Cardiologia'),(8,'Centro Quirurgico'),(9,'Cirugia General'),(10,'Cirugia General/Urologia'),(11,'Compras y Contrataciones'),(12,'Comunicacion Externa Institucional'),(13,'Consejo de administracion'),(14,'CDA - Secretaria de nacion'),(15,'Contable'),(16,'Mesa de entrada y archivo'),(17,'Diagnostico por imagenes'),(18,'Direccion Administrativa'),(19,'Direccion de docencia'),(20,'Direccion Medica'),(21,'DM - Servicio de emergencias'),(22,'Emergencias'),(23,'Emergencias - Cardiologia'),(24,'Enfermeria - Calidad'),(25,'Enfermeria - Centro Quirurgico'),(26,'Enfermeria - Consultorios Externos'),(27,'Enfermeria - Cuidados Generales'),(28,'Enfermeria - Emergencias'),(29,'Enfermeria - Formacion Continua'),(30,'Enfermeria - Gestion'),(31,'Enfermeria - Gestion C Externos'),(32,'Enfermeria - Gestion de C Generales'),(33,'Enfermeria - Gestion de emergencias'),(34,'Enfermeria - Gestion de Hemato-oncologia'),(35,'Enfermeria - Gestion de hemodinamia'),(36,'Enfermeria - Gestion de Terapia Intensiva'),(37,'Enfermeria - Gestion de Terapia Intermedia'),(38,'Enfermeria - Gestion de UCIP'),(39,'Enfermeria - Hemato-Oncologia'),(40,'Enfermeria - Infectologia'),(41,'Enfermeria - Neonatologia'),(42,'Enfermeria - Sala de cuidados generales'),(43,'Enfermeria - Terapia Intensiva'),(44,'Enfermeria - Terapia Intermedia'),(45,'Enfermeria - Tocoginecologia'),(46,'Enfermeria - Unidad de Trabajo de parto y recuperacion'),(47,'Especialidades Medicas'),(48,'Esterilizacion'),(49,'Farmacia'),(50,'Finanzas'),(51,'Gestion de pacientes'),(52,'Gestion de Recursos Humanos'),(53,'Higiene y Seguridad Ambiental y desarrollo Sustentable'),(54,'Imagenes y Comunicacion Institucional Interna'),(55,'Infectologia'),(56,'Infectologia / Extension Territorial'),(57,'Informatica y sistemas de informacion'),(58,'Ingenieria Clinica'),(59,'Ingenieria Hospitalaria'),(60,'Intendencia'),(61,'Kinesiologia y Rehabilitacion'),(62,'Laboratorio'),(63,'Laboratiorio - Toxicologia'),(64,'Medicina Legal'),(65,'Medicina Transfusional'),(66,'Neonatologia'),(67,'Neurocirugia'),(68,'Nutricion'),(69,'Ortopedia y Traumatologia'),(70,'Patrimonio'),(71,'Planificacion Estrategica y Estadistica'),(72,'Recupero de costos'),(73,'Sala de cuidados Generales'),(74,'Sala de cuidados generales / Direccion medica'),(75,'Sala de cuidados generales / Urologia'),(76,'Salud Mental'),(77,'Secretaria de actas, Archivos y Re'),(78,'Secretaria de direccion'),(79,'Servicio Social'),(80,'Telemedicina'),(81,'Terapia Intensiva'),(82,'Terapia Intensiva - Emergencias'),(83,'Terapia Intermedia'),(84,'Terapia Intermedia / Especialidades Medicas'),(85,'Tocoginecologia'),(86,'Unidad de gestion y coordinacion de comites'),(87,'Urologia'),(88,'Area de Tecnologia informatica de la salud'),(89,'Area Legal y Tecnica del Consejo de administracion'),(90,'Cirugia Cardiovascular'),(91,'Comite de Capacitacion Docencia e Investigacion'),(92,'Comité de Genero y diversidad'),(93,'Consultorios Externos'),(94,'Cuidados Generales'),(95,'Cuidados Minimos'),(96,'Direccion de Enfermeria'),(97,'Direccion Ejecutiva'),(98,'Direccion de Infraestructura'),(99,'Enfermeria'),(100,'Enfermeria - Terapia intensiva Pediatrica'),(101,'Enfermeria - Hemodinamia'),(102,'Enfermeria - Residente'),(103,'Extension Territorial'),(104,'Gestion de pacientes - Agente de traslado'),(105,'Hemodinamia'),(106,'Ingenieria Mecanica'),(107,'Orientacion Medica'),(108,'Secretaria de calidad'),(109,'Terapia Intensiva Pediatrica'),(110,'Terapia Intensiva (UCO)');
UNLOCK TABLES;

DROP TABLE IF EXISTS `trabajadores`;
CREATE TABLE `trabajadores`(
	`id_trabajador` int NOT NULL AUTO_INCREMENT,
    `DNI` int NOT NULL,
    `agrupamiento` int DEFAULT NULL,
    `servicio` int DEFAULT NULL,
    `jefe_inmediato` int DEFAULT NULL,
    `fecha_ingreso` date DEFAULT NULL,
    `formulario` int DEFAULT NULL,
    `estado` tinyint(1) DEFAULT FALSE,
    `nombre` VARCHAR(100) NOT NULL,
    `apellido` VARCHAR(100) NOT NULL,
    `categoria` VARCHAR(100) DEFAULT NULL,
    `carga_horaria` int DEFAULT NULL,
    `guardia` int DEFAULT NULL,
    `caracter_servicio` VARCHAR(50) DEFAULT NULL,
	`activo` tinyint(1) DEFAULT TRUE,
    PRIMARY KEY(`id_trabajador`)
)ENGINE=InnoDB AUTO_INCREMENT=2;

LOCK TABLES `trabajadores` 	WRITE;
INSERT INTO `trabajadores` VALUES (1,28749035,2,53,1035,NULL,1,1,'ALEJANDRO MARTIN','18',40,0,'JEFE/A',1,'ABDO '),(2,93078937,1,42,537,NULL,21,1,'IRENE','13',36,0,'',1,'ABILA ALMENDRAS'),(3,37670307,1,42,537,NULL,21,1,'NOEMI SOLEDAD','13',36,0,'',1,'ABILA ALMENDRAS'),(4,33874475,1,62,822,NULL,16,1,'GABRIELA','13',14,24,'',1,'ABINAL '),(5,34770349,1,22,738,NULL,15,1,'AGUSTIN ABEL','13',0,24,'',1,'ACEVEDO'),(6,32440732,2,51,871,NULL,5,1,'WALTER LEONEL','5',42,0,'AGENTE DE TRASLADO',1,'ACEVEDO'),(7,32489457,1,9,525,NULL,16,1,'RINALDO EMIR','13',36,0,'',1,'ACOSTA'),(8,33413431,1,45,537,NULL,21,1,'TAMARA NOELIA SOLEDAD','9',36,0,'',1,'ACOSTA'),(9,18903846,1,43,537,NULL,21,1,'RUTH ORFELIA','13',36,0,'',1,'ACUÑA SALAZAR'),(10,29233267,1,49,693,NULL,16,1,'RAFAEL EDGARDO','13',12,0,'',1,'AGGIO'),(11,36167529,1,61,934,NULL,16,1,'GISELA MARIAN','III-A',30,0,'',1,'AGGOLLIA '),(12,95400007,0,8,945,NULL,0,1,'FRANCO ANDRÉS SANTIAGO','0',0,0,'',1,'AGUDELO'),(13,35563446,1,44,537,NULL,21,1,'FACUNDO DANIEL','13',36,0,'',1,'AGÜERO'),(14,32844109,1,61,934,NULL,16,1,'RAMIRO JAVIER','III-A',24,0,'',1,'AGÜERO'),(15,18832267,1,47,1092,NULL,16,1,'RODRIGO ALEJANDRO','13',24,0,'',1,'AGUILA MALDONADO'),(16,27495435,1,81,167,NULL,15,1,'CLAUDIO MATIAS MARTIN','13',0,24,'',1,'AGUILAR'),(17,41079883,2,52,467,NULL,4,1,'MARIEL GABRIELA ','9',40,0,'',1,'AGUILAR'),(18,36542717,1,43,537,NULL,21,1,'MICAELA','9',36,0,'',1,'AGUILAR'),(19,34384471,1,8,945,NULL,17,1,'PATRICIA NOELI','15',40,0,'COORDINADOR/RA',1,'AGUILAR'),(20,28098312,1,67,961,NULL,16,1,'PABLO NORBERTO','13',30,0,'',1,'AGUILERA'),(21,40956427,1,105,0,NULL,19,1,'CONSTANZA MICAELA','II-A',24,0,'',1,'AGUIRRE DIAZ'),(22,26395611,2,51,871,NULL,9,1,'HUMBERTO DARIO','9',40,0,'',1,'AGUIRRE'),(23,37556733,1,62,822,NULL,19,1,'MARIA EUGENIA','9',42,0,'',1,'AGUIRRE'),(24,17912774,2,14,0,NULL,3,1,'NELIDA','15',36,0,'COORDINADOR/RA',1,'AGUIRRE'),(25,35275125,1,48,429,NULL,19,1,'JULIETA LUJAN','9',40,0,'',1,'AICAGUER'),(26,36168676,1,69,934,NULL,16,1,'DEBORA EVELYN  ','13',24,24,'',1,'AIZA GARCIA'),(27,92940569,1,44,537,NULL,21,1,'SUSSY LEA','9',36,0,'',1,'ALARCON QUISPE'),(28,41244293,1,49,693,NULL,19,1,'ALDANA DEMARIS','II-A',40,0,'',1,'ALBARRACIN'),(29,38079480,2,51,871,NULL,6,1,'BERNEBE AZUL','6',40,0,'',1,'ALBORNEZ'),(30,25042198,2,5,1068,NULL,7,1,'MATIAS  ','15',40,0,'COORDINADOR/RA',1,'ALCALDE'),(31,95961494,1,81,167,NULL,15,1,'JAILIG PATRICIA ','0',0,12,'',1,'ALDANA DÍAZ '),(32,26034995,1,28,537,NULL,21,1,'MIGUEL ANGEL','9',36,0,'',1,'ALDERETE'),(33,34269928,1,68,423,NULL,16,1,'ELIZABETH CRISTINA','13',36,0,'',1,'ALEGRE'),(34,35406287,1,66,97,NULL,15,1,'MARIELA SOLEDAD','13',0,24,'',1,'ALEGRE'),(35,13173760,0,13,0,NULL,0,1,'SERGIO','VIATICOS',0,0,'PRESIDENTE DEL CONSEJO',1,'ALEJANDRE'),(36,20441280,1,20,1092,NULL,0,1,'MARÍA ÁNGELES ','LO',0,0,'',1,'ALFARO'),(37,25940526,1,44,537,NULL,21,1,'CAROLINA VERÓNICA','13',36,0,'',1,'ALFONSO '),(38,35538153,1,61,934,NULL,15,1,'NICOLAS RIBEN','13',0,24,'',1,'ALFONSO '),(39,35861956,1,69,748,NULL,16,1,'GASTON','13',24,24,'',1,'ALGONZINO'),(40,26726293,1,62,822,NULL,19,1,'CLARA GISELLA','9',36,0,'',1,'ALLEGRINI'),(41,41545151,2,60,378,NULL,10,1,'ALAN LEONARDO','6',40,0,'',1,'ALMADA '),(42,28436162,1,44,537,NULL,21,1,'RITA SOLEDAD','13',36,0,'',1,'ALMADA '),(43,31899544,1,17,748,NULL,16,1,'SILVINA ANDREA','13',24,0,'',1,'ALMEIDA'),(44,32034426,1,65,165,NULL,19,1,'MARIA LUCRECIA','9',36,0,'',1,'ALMONACI'),(45,33211682,1,17,748,NULL,19,1,'VICTORIA','9',24,0,'',1,'ALONSO'),(46,26096756,2,60,378,NULL,10,1,'GUILLERMO FEDERICO','6',40,0,'',1,'ALPUIS'),(47,40980858,2,51,871,NULL,6,1,'ADRIANA','6',40,0,'',1,'ALTAMIRANDA'),(48,38832909,1,49,693,NULL,16,1,'CAMILA SOLEDAD','13',0,0,'',1,'ALVAREZ'),(49,95678074,1,87,873,NULL,15,1,'ROLY WISTON ','0',0,12,'',1,'ALVAREZ CHARALI '),(50,30639704,1,9,525,NULL,16,1,'RAUL IGNACION','13',24,0,'',1,'ALVAREZ DEL RIVERO'),(51,30463201,1,28,537,NULL,21,1,'NATALIA GABRIELA','9',36,0,'',1,'ALVAREZ '),(52,37144990,1,45,537,NULL,21,1,'ROCIO BELEN','9',36,0,'',1,'ALVAREZ'),(53,26497308,1,28,537,NULL,21,1,'SEBASTIAN ESTEBAN','13',36,0,'',1,'ALVAREZ'),(54,42884837,2,51,871,NULL,6,1,'LEILA','6',40,0,'',1,'ALVEZ'),(55,36923399,1,28,537,NULL,21,1,'KAREN MAILEN','9',36,0,'',1,'ALZOGARAY'),(56,95337228,1,73,371,NULL,15,1,'ANTONIO','13',0,12,'',1,'ALZUGARAY IBARRA'),(57,18774288,1,69,220,NULL,17,1,'RAFAEL','15',36,0,'COORDINADOR/RA',1,'AMADEI ENGHELMAYER'),(58,38585192,1,83,1092,NULL,15,1,'CRISTHIAN DANIEL','13',0,24,'',1,'AMARILLA'),(59,18874084,0,9,525,NULL,0,1,'ALEXIA ANDREA ','0',0,0,'',1,'AMARU VARELA '),(60,31177018,1,109,620,NULL,15,1,'TATIANA ','III-A',0,12,'',1,'AMEZTOY'),(61,31076956,1,61,934,NULL,15,1,'ROCIO LUJAN','13',0,24,'',1,'AMOZA'),(62,26988890,1,44,537,NULL,21,1,'ETELVINA MARISOL','9',36,0,'',1,'ANAGUA'),(63,30416139,1,99,537,NULL,21,1,'MARIA EMILIA ','III - A ',36,0,'',1,'ANDRADA '),(64,35499985,1,47,1092,NULL,16,1,'LUCAS AGUSTÍN','13',36,0,'',1,'ANDRADE'),(65,37977007,2,51,871,NULL,9,1,'VERONICA','9',40,0,'',1,'ANRIQUEZ'),(66,30870366,1,52,467,NULL,4,1,'VANESA PAOLA','II-A',40,0,'',1,'ANTONIO'),(67,39849648,2,2,406,NULL,25,1,'JOAQUIN GABRIEL','9',40,0,'',1,'ANTONIOLI'),(68,23942104,1,76,1042,NULL,16,1,'VIRGINIA','13',40,0,'',1,'ANTONUCCI'),(69,23371367,1,22,738,NULL,15,1,'MAURO','13',0,48,'',1,'AOAD'),(70,32262318,1,73,371,NULL,15,1,'MARIA FLORENCIA ','13',0,24,'',1,'APEZTEGUIA '),(71,33558029,1,79,907,NULL,16,1,'NOELIA SOL','13',36,0,'',1,'APEZTEGUIA'),(72,94594901,1,45,537,NULL,21,1,'MARIA LETICIA','9',36,0,'',1,'APOSTOLAKI ARMOA '),(73,35860762,1,43,537,NULL,21,1,'MONICA RAMONA','9',36,0,'',1,'APOSTOLOKI'),(74,33295680,1,85,898,NULL,15,1,'YASMIN','13',0,24,'',1,'ARACH'),(75,26198906,1,7,1103,NULL,19,1,'LORENA SOLEDAD','9',40,0,'',1,'ARAGON'),(76,26479648,1,43,537,NULL,21,1,'MARIELA VERONICA','13',36,0,'',1,'ARAGON '),(77,34463406,1,63,89,NULL,13,1,'LUCIANA ','6',40,0,'',1,'ARAGONA'),(78,27787330,1,28,537,NULL,21,1,'ELIZABETH NOEMI','13',36,0,'',1,'ARANDA'),(79,36896887,1,49,693,NULL,16,1,'JAVIER SANTIAGO ','13',0,0,'',1,'ARAUJO '),(80,36375216,2,51,871,NULL,6,1,'YANINA DEBORA','6',40,0,'',1,'ARCAJO'),(81,22769877,2,51,871,NULL,6,1,'GRACIELA ELIZABETH','I-D',40,0,'',1,'ARCE'),(82,37982618,1,22,738,NULL,15,1,'NELSON JESUS','13',0,24,'',1,'ARDAIZ'),(83,30306124,1,42,537,NULL,21,1,'VIVIANA ANDREA','13',36,0,'',1,'ARES'),(84,94995398,1,69,220,NULL,16,1,'LUIS CARLO','13',0,0,'',1,'AREVALO GARCIA '),(85,37609192,2,51,871,NULL,6,1,'MELISA NATALI','6',40,0,'',1,'ARGAÑARAZ'),(86,92960711,1,27,537,NULL,21,1,'ALEJANDRO FRANZ ','9',36,0,'',1,'ARI ARGANDOÑA'),(87,44114842,2,51,871,NULL,6,1,'AILEN ABRIL ','6',36,0,'',1,'ARIAS '),(88,26426845,2,78,259,NULL,6,1,'VIVIANA BEATRIZ','8',48,0,'',1,'ARISTEGUI'),(89,35095712,1,63,1092,NULL,17,1,'MARIA ELENA','15',40,0,'COORDINADOR/RA',1,'ARISTI'),(90,24451991,2,60,378,NULL,10,1,'ADRIAN DAVID','8',42,0,'CHOFER DE AMBULANCIA ',1,'ARMAGNO'),(91,30609699,2,15,747,NULL,4,1,'GONZALO MARTIN','9',40,0,'',1,'ARRAZOLA'),(92,31002323,1,9,525,NULL,16,1,'IRIS ANAHI','13',36,0,'',1,'ARREGUI'),(93,35330778,1,62,822,NULL,16,1,'MICAELA GISELE','13',24,24,'',1,'ARREGUI'),(94,38932882,2,52,467,NULL,1,1,'FACUNDO','6',40,0,'',1,'ARRIETA'),(95,43852952,2,63,1092,NULL,13,1,'FRACO ADRIAN','6',40,0,'',1,'ARRIOLA'),(96,35421786,1,48,429,NULL,19,1,'PAULA DANIELA ','9',40,0,'',1,'ARRIONDO'),(97,25270092,1,66,1092,NULL,17,1,'MARIA JOSE','18',40,0,'JEFE/A',1,'ARRUA'),(98,29746884,1,61,934,NULL,15,1,'MARIA EUGENIA','13',0,24,'',1,'ARTIGAU'),(99,26429159,1,66,97,NULL,16,1,'MARIA LAURA','13',6,24,'',1,'ASARCHUK'),(100,36904231,1,49,693,NULL,19,1,'MICHELLE NOEMI','9',42,0,'',1,'ASTRADA'),(101,95485774,2,72,390,NULL,1,1,'CARLOS FRANCISCO','6',40,0,'',1,'AUNCHAYNA ALCEIBA'),(102,30602440,1,41,537,NULL,21,1,'ANDREA SOLEDAD','13',36,0,'',1,'AVALOS'),(103,17852746,1,41,537,NULL,21,1,'CECILIA BEATRIZ','13',36,0,'',1,'AVILA'),(104,33902868,1,17,748,NULL,19,1,'DAIANA FLORENCIA ','9',0,0,'',1,'AVILA'),(105,31166781,1,41,537,NULL,21,1,'YANINA','13',36,0,'',1,'AVILA'),(106,95154379,2,51,871,NULL,9,1,'DOLORES','9',40,0,'',1,'AYALA DOMINGUEZ'),(107,24958455,1,22,738,NULL,15,1,'LEONARDO MARTIN','13',0,24,'',1,'AYOUB'),(108,35155585,1,61,934,NULL,16,1,'ANA CLARA','III - A ',24,0,'',1,'BACIGALUPO'),(109,40077555,2,57,619,NULL,9,1,'CARLOS JOSE','9',40,0,'',1,'BAEZ'),(110,27161103,1,17,748,NULL,16,1,'MARIA AIDE','13',24,0,'',1,'BAEZ'),(111,25894291,1,51,871,NULL,5,1,'MARÍA FLORENCIA ','5',42,0,'',1,'BAEZ'),(112,38822063,0,102,537,NULL,0,1,'YAMILA RAQUEL ','0',0,0,'',1,'BAEZ '),(113,32363052,1,87,1092,NULL,17,1,'MARTIN','15',40,0,'COORDINADOR/RA',1,'BAGNARELLI'),(114,35460231,1,42,537,NULL,21,1,'DAIANA MARIBEL','9',36,0,'',1,'BAIS'),(115,28407783,2,57,619,NULL,9,1,'FABIAN ANDRES','II-G',42,0,'',1,'BAJAR'),(116,26416263,2,60,378,NULL,10,1,'MAXIMILIANO MARTIN','8',42,0,'CHOFER DE AMBULANCIA ',1,'BAJAR'),(117,29130401,1,30,537,NULL,24,1,'DIEGO JORGE','15',36,0,'COORDINADOR/RA',1,'BALDERRAMA'),(118,31884369,0,17,748,NULL,0,1,'FACUNDO ARIEL','0',0,0,'',1,'BALIÑO'),(119,39464897,2,72,390,NULL,1,1,'NICOLAS DAMIAN','6',40,0,'',1,'BALLESTERO'),(120,95310031,1,81,167,NULL,15,1,'ANDRES RICARDO','13',0,24,'',1,'BAQUERIZO CARRERA'),(121,95408785,1,83,490,NULL,15,1,'SIRLEY','13',0,24,'',1,'BARCA SEGOVIA'),(122,25560426,1,47,1092,NULL,17,1,'CAROLINA PAULA','III-G',42,0,'',1,'BARCIOCCO'),(123,35892722,1,61,934,NULL,15,1,'GIMENA ANAHI','III-A',0,24,'',1,'BARCO MARTINEZ'),(124,31019256,1,62,822,NULL,16,1,'NATALIA SOLEDAD','13',0,0,'',1,'BARDA'),(125,12033082,0,91,455,NULL,0,1,'MARIA ELISA','LO',0,0,'',1,'BARONE'),(126,37198274,1,83,490,NULL,15,1,'MARIA DEL ROCIO','13',0,24,'',1,'BARRAGAN'),(127,32135800,1,105,1092,NULL,19,1,'IVANA ELISABETH','II-A',36,0,'',1,'BARRAZA '),(128,44318877,1,44,537,NULL,21,1,'MARIA ROSA','9',36,0,'',1,'BARRAZA '),(129,35895164,1,41,537,NULL,21,1,'ROCIO MAGALI','13',36,0,'',1,'BARREIRO'),(130,32663441,2,57,619,NULL,9,1,'ROSARIO LUJÁN ','9',40,0,'',1,'BARRIENTOS '),(131,36515928,1,62,822,NULL,19,1,'FLORENCIA MARINA ','9',36,0,'',1,'BARRIOS '),(132,34645396,1,41,537,NULL,21,1,'ROCIO','9',36,0,'',1,'BARRIO '),(133,38932612,2,51,871,NULL,6,1,'CLAUDIO ANDRES','I-D',40,0,'',1,'BARROS '),(134,33413473,1,30,537,NULL,24,1,'RAMIRO','15',40,0,'COORDINADOR/RA',1,'BASCUÑAN SUAREZ'),(135,18513230,1,85,898,NULL,17,1,'CARLOS ALBERTO','15',40,0,'COORDINADOR/RA',1,'BASUALDO'),(136,35659860,2,62,822,NULL,13,1,'ANTONELA MICAELA','6',40,0,'',1,'BAVA'),(137,39852935,1,62,822,NULL,13,1,'JIMENA ANAHI','5',36,0,'',1,'BAYONA'),(138,20981422,2,51,871,NULL,6,1,'MARIA DE LAS MERCEDES','6',40,0,'',1,'BAYONA'),(139,38585326,2,49,693,NULL,13,1,'MARCELA','6',40,0,'',1,'BAZZANI'),(140,26708405,1,82,0,NULL,15,1,'PABLO AGUSTIN','13',0,36,'',1,'BECERRA'),(141,33807435,2,72,390,NULL,1,1,'DANIELA GISELE ','6',40,0,'',1,'BEHRENS '),(142,22252212,2,4,493,NULL,7,1,'MARIA CECILIA','15',40,0,'COORDINADOR/RA',1,'BELANDO'),(143,37554807,1,100,537,NULL,21,1,'ESTEFANIA BELEN ','9',36,0,'',1,'BELIZAN'),(144,25607857,1,69,220,NULL,16,1,'SANTIAGO','13',36,0,'',1,'BELTRAN'),(145,21161021,1,85,898,NULL,15,1,'JULIO CESAR','13',0,12,'',1,'BENAVIDEZ'),(146,25542287,1,61,934,NULL,15,1,'ESTANISLAO','13',0,12,'',1,'BENITEZ ARAUJO'),(147,40641625,2,57,619,NULL,9,1,'GONZALO NICOLAS ','9',40,0,'',1,'BENITEZ '),(148,32470112,1,45,537,NULL,21,1,'NOELIA ROMINA ','13',36,0,'',1,'BENITEZ '),(149,35734366,1,22,738,NULL,15,1,'SANTIAGO TOMAS','13',0,12,'',1,'BENITEZ'),(150,23900371,1,66,97,NULL,17,1,'NICOLAS JOSE','15',36,0,'COORDINADOR/RA',1,'BERNAL'),(151,13577296,1,65,165,NULL,17,1,'CARLOS DANIEL','15',40,0,'COORDINADOR/RA',1,'BERNAO'),(152,30556381,1,83,490,NULL,15,1,'TAMARA GISELE','13',0,24,'',1,'BERNARDINI'),(153,34261039,1,84,490,NULL,16,1,'MARIA EMILIA','13',24,24,'',1,'BERNARDO '),(154,32533327,1,41,537,NULL,21,1,'LAURA GABRIELA','13',36,0,'',1,'BERNASCONI'),(155,24873408,1,73,371,NULL,15,1,'MARTA BEATRIZ','13',0,24,'',1,'BERTERRE'),(156,25403373,1,62,822,NULL,19,1,'ELIANA BELEN','9',42,0,'',1,'BERTONE'),(157,37556848,1,61,934,NULL,15,1,'FEDERICO','13',0,24,'',1,'BEZZONI '),(158,30628795,1,43,537,NULL,21,1,'JOSÉ MARIANO','II-A',36,0,'',1,'BIANCHI'),(159,33786015,1,79,907,NULL,16,1,'TAMARA SABRINA','13',36,0,'',1,'BIANNI'),(160,92743025,1,67,961,NULL,19,1,'MARIA LIDIA','MF',24,0,'',1,'BIDEGARAY'),(161,36201009,1,8,945,NULL,16,1,'PAOLA AILEN','13',30,0,'',1,'BLANCO'),(162,35860800,1,8,945,NULL,19,1,'MARIANA','9',30,0,'',1,'BLANCO'),(163,30081604,1,51,871,NULL,5,1,'AMNERIS MARIA SOL ','5',42,0,'',1,'BLANCO'),(164,26961288,1,87,1052,NULL,16,1,'FERNANDO ARIEL','13',36,0,'',1,'BLANCO '),(165,12515753,1,65,1092,NULL,17,1,'SARA INES','18',40,0,'JEFE/A',1,'BLANCO'),(166,35422365,2,51,871,NULL,5,1,'VICTOR HUGO','5',42,0,'AGENTE DE TRASLADO',1,'BLANCO'),(167,16589268,1,81,167,NULL,17,1,'MIGUEL ANGEL','18',48,0,'JEFE/A',1,'BLASCO'),(168,27860012,2,57,619,NULL,9,1,'MIGUEL ANGEL','9',42,0,'',1,'BLASCO'),(169,29032592,1,24,537,NULL,24,1,'ROMINA GISELE','15',40,0,'COORDINADORA/O',1,'BOBIO'),(170,42138629,2,78,259,NULL,6,1,'ARIEL','8',48,0,'',1,'BOBRIK'),(171,25190853,2,18,389,NULL,3,1,'MARÍA ALEJANDRA','18',40,0,'JEFA/E',1,'BOLINO'),(172,31351680,1,61,934,NULL,15,1,'EZEQUIEL','13',0,24,'',1,'BONA'),(173,36375206,1,68,423,NULL,17,1,'MARILINA','15',40,0,'COORDINADORA/O',1,'BONGIOVANNI'),(174,41131930,2,51,871,NULL,6,1,'BRUNO ','6',40,0,'',1,'BORDON '),(175,32456370,1,61,934,NULL,15,1,'DAVID  ','13',0,24,'',1,'BORGHETTI'),(176,34089140,1,43,537,NULL,21,1,'EZEQUIEL ALEJANDRO','13',36,0,'',1,'BORRAZO'),(177,22404398,1,81,167,NULL,16,1,'KARINA ALEJANDRA ','13',24,0,'',1,'BOTANA '),(178,29908450,1,43,537,NULL,21,1,'SOFIA VANESA','9',36,0,'',1,'BOZAN'),(179,34739740,1,44,537,NULL,21,1,'MARCELA MAILEN','9',36,0,'',1,'BRANCATI'),(180,30201984,1,43,537,NULL,21,1,'CARLA DANIELA','9',36,0,'',1,'BRAVO '),(181,26465432,2,18,389,NULL,1,1,'MATIAS EMANUEL ','6',24,0,'',1,'BRAVO '),(182,32523101,1,67,961,NULL,16,1,'CONSTANTINO JOSE','13',30,0,'',1,'BRIGNONE'),(183,32465142,1,83,490,NULL,15,1,'BARBARA SOLEDAD','13',0,24,'',1,'BRITEZ'),(184,32386928,1,44,537,NULL,21,1,'MARIA FLORENCIA','13',36,0,'',1,'BRITOS'),(185,40254033,2,53,1,NULL,11,1,'ABRIL','11',40,0,'SUPERVISIÓN TÉCNICA',1,'BRIZUELA'),(186,33024021,2,24,537,NULL,24,1,'DANIEL EDUARDO','18',48,0,'',1,'BRIZUELA'),(187,36100056,1,61,934,NULL,19,1,'ELISABET','II-A',24,0,'',1,'BRONDO ARMENDIA'),(188,29577921,1,85,898,NULL,16,1,'JULIANA','13',0,0,'',1,'BRUNATI '),(189,26359536,2,60,378,NULL,10,1,'CLAUDIO GASTON ','8',42,0,'CHOFER DE AMBULANCIA',1,'BRUNO '),(190,38067656,1,8,945,NULL,16,1,'ORNELLA MAGALI','13',36,0,'',1,'BRUSCO'),(191,31657396,1,65,165,NULL,17,1,'MIGUEL EDGARDO','III - G',40,0,'COORDINADOR',1,'BUEZAS'),(192,18303380,0,103,0,NULL,0,1,'CARLOS PABLO','LO',0,0,'ASESOR/RA',1,'BURGER'),(193,34958481,1,62,822,NULL,16,1,'MARIANA SOFIA','13',0,0,'',1,'BURS'),(194,17806552,2,72,390,NULL,3,1,'MARCELA','15',48,0,'COORDINADOR/RA',1,'BUSTAMANTE'),(195,96159267,0,87,1052,NULL,0,1,'NATALIA','0',0,0,'',1,'BUSTOS HORTA'),(196,29077021,1,66,97,NULL,16,1,'ELVIRA  ','13',30,0,'',1,'CABELLO'),(197,26998091,1,27,537,NULL,21,1,'MARÍA LUJÁN','9',36,0,'',1,'CABELLO '),(198,38602153,1,42,537,NULL,21,1,'IVON','9',36,0,'',1,'CABEZAS ORTEGA'),(199,30815875,1,26,537,NULL,21,1,'CINTHIA SOLANGE','9',36,0,'',1,'CABRAL'),(200,30447748,1,62,822,NULL,19,1,'FLORENCIA','11',42,0,'COORDINADOR/RA',1,'CABRERA'),(201,34751109,1,28,537,NULL,21,1,'HUGO RODRIGO','13',36,0,'',1,'CABRERA'),(202,17658073,1,42,537,NULL,21,1,'NORMA','9',36,0,'',1,'CABRERA  '),(203,93085236,1,44,537,NULL,21,1,'HERMINIA','13',36,0,'',1,'CABRERA NUÑEZ'),(204,29048025,1,62,822,NULL,16,1,'ROMINA','13',30,0,'',1,'CABRERIZO '),(205,28056296,1,85,898,NULL,16,1,'ADRIANA MARCELA ','13',0,0,'',1,'CACERES'),(206,14780182,1,41,537,NULL,21,1,'ESTELA MARINA','13',36,0,'',1,'CACERES'),(207,43021474,1,105,1092,NULL,19,1,'GABRIEL EDUARDO','II-A',24,0,'',1,'CACERES'),(208,35098761,1,61,934,NULL,15,1,'JONATHAN MATIAS','13',0,12,'',1,'CAFARELLI '),(209,35995474,1,65,165,NULL,19,1,'JOANA','9',30,0,'',1,'CAFFARATTI'),(210,35588635,1,61,934,NULL,17,1,'SABRINA GIMENA','15',24,24,'COORDINADOR/RA',1,'CAGIDE'),(211,44960412,2,51,871,NULL,6,1,'NICA','I-D',40,0,'',1,'CALDERARO'),(212,27530323,1,44,537,NULL,21,1,'RODOLFO GABRIEL','9',36,0,'',1,'CALLA'),(213,32882043,1,69,220,NULL,16,1,'NICOLAS LUCIANO','13',24,24,'',1,'CALO'),(214,36923355,1,68,423,NULL,16,1,'MARIA AGOSTINA','13',40,0,'',1,'CALO'),(215,33168355,1,43,537,NULL,21,1,'JUAN MIGUEL ','13',36,0,'',1,'CALUSTRO TORRICO'),(216,20012430,1,85,898,NULL,15,1,'ANALIA CLAUDIA','13',0,24,'',1,'CAMARDA'),(217,34277291,1,41,537,NULL,21,1,'EVANGELINA LEONOR','13',36,0,'',1,'CAMPOS'),(218,29327970,1,44,537,NULL,21,1,'LUIS EMANUEL','9',36,0,'',1,'CAMPOS'),(219,95841936,1,81,167,NULL,15,1,'MILER ROGER','13',0,12,'',1,'CANELON'),(220,12291678,1,69,220,NULL,17,1,'GUSTAVO','18',40,0,'JEFE/A',1,'CANEPA'),(221,32393499,1,69,220,NULL,16,1,'MARTIN','13',12,24,'',1,'CANEPA'),(222,18826459,1,81,167,NULL,15,1,'HECTOR RICARDO','13',0,24,'',1,'CANESSA FLORES'),(223,31683592,1,49,693,NULL,16,1,'NATALIA SOLEDAD','III - A ',0,0,'',1,'CANTEROS'),(224,25856157,1,28,537,NULL,21,1,'SERGIO OMAR','II-A',36,0,'',1,'CAPORALE'),(225,33257786,2,71,259,NULL,8,1,'FRANCO MANUEL','13',40,0,'',1,'CAPUTO'),(226,20029955,1,43,537,NULL,21,1,'ADRIANA ESTER','13',36,0,'',1,'CARABALLO'),(227,37759394,1,45,537,NULL,21,1,'ELVA ROCIO','9',36,0,'',1,'CARABALLO'),(228,30946175,1,62,822,NULL,16,1,'PAULA','13',6,12,'',1,'CARASI'),(229,38824223,0,8,945,NULL,0,1,'LUCAS SAMUEL','0',0,0,'',1,'CARBALLO'),(230,26635424,1,47,583,NULL,19,1,'NATALIA VERONICA','9',46,0,'',1,'CARDOSO'),(231,35860852,1,45,537,NULL,21,1,'GISELE ERICA','13',36,0,'',1,'CARDOZO'),(232,26819884,1,44,537,NULL,21,1,'PATRICIA EMILCE ','13',36,0,'',1,'CARDOZO '),(233,34329585,1,44,537,NULL,21,1,'JANET ANDREA ','13',36,0,'',1,'CARLOS'),(234,32999512,1,8,945,NULL,19,1,'JULIETA ','9',24,0,'',1,'CARMAZZI'),(235,37754955,1,8,945,NULL,16,1,'PATRICIO GERMAN','13',36,0,'',1,'CARRANZA'),(236,31659423,1,61,934,NULL,15,1,'MELINA','13',0,24,'',1,'CARRERA'),(237,25592013,1,41,537,NULL,21,1,'VERONICA LETICIA','9',36,0,'',1,'CARRIL'),(238,17172463,1,85,898,NULL,17,1,'GRACIELA BEATRIZ','15',36,24,'COORDINADOR/RA',1,'CARRIZO'),(239,32912876,1,85,898,NULL,15,1,'EUGENIA','13',0,24,'',1,'CASALE'),(240,13423193,2,52,467,NULL,2,1,'GUSTAVO ORLANDO','13',36,0,'',1,'CASAMAYOURET'),(241,33317192,1,62,822,NULL,17,1,'MARTINA','15',36,0,'COORDINADOR/RA',1,'CASANOVAS'),(242,29116614,1,17,748,NULL,19,1,'BARBARA NOELIA','9',24,0,'',1,'CASTAÑO'),(243,36325674,1,43,537,NULL,21,1,'LORENA PAOLA','9',36,0,'',1,'CASTELAN'),(244,36923247,1,61,934,NULL,15,1,'MARIA BELEN','13',0,24,'',1,'CASTELLI'),(245,32882005,2,103,0,NULL,0,1,'MARIA EMILIA','LO',0,0,'',1,'CASTELLI'),(246,27692806,1,101,537,NULL,21,1,'JUAN ARIEL','III-A',36,0,'',1,'CASTILLO'),(247,12656821,1,47,1092,NULL,16,1,'CARLOS FELIX','13',40,0,'',1,'CASTRO'),(248,41466417,2,51,871,NULL,6,1,'MAYRA SOLEDAS','6',40,0,'',1,'CASTRO'),(249,34797274,1,62,822,NULL,19,1,'MARCELO ANGEL GABRIEL','9',36,0,'',1,'CATIVA'),(250,26228141,1,105,1092,NULL,15,1,'DARIO ARIEL','III-A',0,12,'',1,'CAVALIE'),(251,95728861,0,17,748,NULL,0,1,'JAIME NICOLAS ','0',0,0,'',1,'CAYO PARY'),(252,37012982,1,85,898,NULL,16,1,'EVANGELINA','13',30,0,'',1,'CAZAUX'),(253,26495050,2,52,467,NULL,2,1,'CAROLINA HEBE','13',40,0,'',1,'CAZENAVE '),(254,34847725,1,83,490,NULL,16,1,'MARIA BELEN','13',0,0,'',1,'CEBALLOS BUSCA'),(255,28868869,2,51,871,NULL,9,1,'ELISABETH','9',40,0,'',1,'CEJAS'),(256,33714318,1,105,0,NULL,0,1,'ALEJANDRO EZEQUIEL','II-A',36,0,'',1,'CELIS'),(257,35118293,1,61,934,NULL,15,1,'FEDERICO ALEJANDRO','13',0,12,'',1,'CEOLIN'),(258,95960635,1,75,0,NULL,16,1,' ANA LUISA ','13',24,24,'',1,'CEPEDA NAVARRO'),(259,22420019,2,97,0,NULL,0,1,'DIEGO EDUARDO','VIATICOS',0,0,'DIRECTOR/A',1,'CERRUDO'),(260,30780839,1,61,934,NULL,15,1,'ROCIO IRENE ','13',0,24,'',1,'CERUZZI '),(261,95846651,1,83,490,NULL,15,1,'OSCAR NELSON','13',0,24,'',1,'CESPEDES HARNES'),(262,19001015,1,8,945,NULL,16,1,'JHONNY','13',30,0,'',1,'CHACON  '),(263,19002763,1,8,945,NULL,19,1,'REYNA ARACELI','9',30,0,'',1,'CHACON RODRIGUEZ'),(264,32940064,1,17,748,NULL,19,1,'GABRIELA NOEMI','11',24,0,'COORDINADOR/RA',1,'CHAILE'),(265,37987478,2,51,871,NULL,6,1,'NICOLA ANTONELLA','6',40,0,'',1,'CHALE '),(266,41390942,2,51,871,NULL,6,1,'TOMAS EZEQUIEL ','6',40,0,'',1,'CHALE'),(267,39107847,1,62,822,NULL,19,1,'GABRIELA','9',36,0,'',1,'CHAPARRO'),(268,35093010,1,39,537,NULL,21,1,'MARCOS','13',36,0,'',1,'CHAPARRO SOSA '),(269,20024115,1,69,220,NULL,15,1,'HERNAN MIGUEL','13',0,24,'',1,'CHARLON'),(270,22129651,1,25,537,NULL,21,1,'SILVIA SUSANA','9',36,0,'',1,'CHAVES'),(271,20633721,1,65,165,NULL,19,1,'ESTELA MARIA','9',30,0,'',1,'CHAVEZ'),(272,31516855,1,81,167,NULL,15,1,'FABIANA ELIZABETH','13',0,48,'',1,'CHAVEZ'),(273,27755207,1,81,167,NULL,17,1,'MARIELA ISABEL','III-G',40,0,'COORDINADOR ',1,'CHAVEZ'),(274,34384254,2,58,303,NULL,25,1,'PATRICIA ELIZABET','9',40,0,'',1,'CHAVEZ '),(275,28719005,1,8,945,NULL,19,1,'MARIA LAURA','9',42,0,'',1,'CHAZARRETA'),(276,34539507,1,99,537,NULL,21,1,'ALEX HERIBERTO','III-A',36,0,'',1,'CHECA CONDORI'),(277,28162794,1,69,220,NULL,16,1,'LUCAS NICOLAS','13',24,24,'',1,'CHEMES'),(278,92856849,2,51,871,NULL,6,1,'BARBARA SOLANGE ','6',40,0,'',1,'CHIAPPE GIOYOSA '),(279,20561786,2,12,0,NULL,4,1,'JUAN PABLO','9',42,0,'',1,'CHILLON '),(280,26238644,1,47,1092,NULL,16,1,'EZEQUIEL','13',42,0,'',1,'CHIO'),(281,94409445,1,83,490,NULL,15,1,'ALEX','13',0,24,'',1,'CHOQUE HUAYLLA'),(282,94696631,1,81,167,NULL,15,1,'DORIAN RUTH','13',0,24,'',1,'CHOQUE SILVEIRA'),(283,25181855,2,88,0,NULL,7,1,'LUIS ANGEL','15',40,0,'COORDINADOR/RA',1,'CIKOTIC'),(284,28941023,1,66,97,NULL,16,1,'ANALIA IRMA','13',0,0,'',1,'CIOCCALE'),(285,33215553,1,85,898,NULL,15,1,'ANA BELEN','13',0,12,'',1,'CIPRIANO'),(286,25649516,1,8,945,NULL,19,1,'ANTONIO','11',36,0,'COORDINADOR/RA',1,'CIVICO FERNANDEZ'),(287,38393909,2,18,389,NULL,0,1,'MATIAS IVAN','LO',0,0,'CONTADOR AUDITOR',1,'CLAVERO '),(288,28848516,1,100,537,NULL,21,1,'ELISA KARINA ','III-A',36,0,'',1,'CLEMENTONI'),(289,95119845,1,109,0,NULL,0,1,'ALEJANDRA','0',0,24,'',1,'COCA SALAZAR'),(290,26647890,2,57,619,NULL,7,1,'CARLOS','11',48,0,'COORDINADOR/RA',1,'COHEN '),(291,31551697,1,8,945,NULL,19,1,'ANALIA ANDREA ','9',24,0,'',1,'COLANGELO '),(292,40423229,1,8,945,NULL,19,1,'SOFIA BELEN','II-A',36,0,'',1,'COLLAZO'),(293,41545190,2,80,259,NULL,6,1,'LUCAS  MARTIN','8',40,0,'',1,'CONDE'),(294,25066274,1,17,748,NULL,17,1,'CARLOS HERNAN','15',36,0,'COORDINADOR/RA',1,'CONTRERAS'),(295,27458001,1,49,693,NULL,19,1,'SANDRA LAURA','9',40,0,'',1,'CONTRERAS'),(296,30341070,2,51,871,NULL,5,1,'JULIO HUMBERTO','5',42,0,'AGENTE DE TRASLADO',1,'CORBALAN '),(297,26282912,1,66,1092,NULL,0,1,'LORENA ROMINA ','II-A',36,0,'',1,'CORBALAN'),(298,40922907,1,43,537,NULL,21,1,'NICOLAS NATANAEL','13',36,0,'',1,'CORDERO '),(299,37879115,1,30,537,NULL,24,1,'DANIEL ALEJANDRO','15',36,0,'COORDINADOR/RA',1,'CORDOBA'),(300,26088618,1,81,167,NULL,16,1,'RODRIGO HERNAN CESAR ','13',30,0,'',1,'CORDOBA '),(301,38696617,1,41,537,NULL,21,1,'ALDANA BELÉN','13',36,0,'',1,'CORIA'),(302,93102720,1,42,537,NULL,21,1,'CELIA','9',36,0,'',1,'CORONEL BRITEZ'),(303,35518876,2,58,1035,NULL,11,1,'CRISTIAN JAVIER','18',40,0,'JEFE/A',1,'CORONEL  '),(304,35253629,1,74,371,NULL,15,1,'LEANDRO SEBASTIAN','13',0,24,'',1,'CORONEL'),(305,36787583,1,61,934,NULL,15,1,'RODRIGO SEBASTIAN','13',0,24,'',1,'CORONEL'),(306,14905646,2,70,389,NULL,3,1,'SILVIA ANALIA','16',42,0,'RESPONSABLE',1,'CORONEL'),(307,33644878,1,17,748,NULL,19,1,'DIANA ERICA','9',24,0,'',1,'CORREA'),(308,45752368,2,51,871,NULL,0,1,'VALENTINA MILAGROS','I - D',40,0,'',1,'CORREA'),(309,95170067,1,94,371,NULL,16,1,'MARISA ALEJANDRA ','III-A',24,0,'',1,'CORREA VAZQUEZ '),(310,20184648,1,83,1092,NULL,17,1,'ENRIQUE RUBEN','15',40,0,'COORDINADOR/RA',1,'CORREGER'),(311,13837278,2,54,259,NULL,7,1,'EDGARDO JOSE','18',40,0,'JEFE/A',1,'CORROPPOLI'),(312,31937311,2,54,311,NULL,8,1,'LUCIANA ESTEFANIA ','13',40,0,'',1,'BEATRIZ '),(313,13663668,1,47,1092,NULL,16,1,'VIVIANA RAQUIEL','13',12,0,'',1,'COSENTINO'),(314,39831881,2,51,871,NULL,6,1,'FRANCO','6',36,0,'',1,'COSTA'),(315,36072052,1,41,537,NULL,21,1,'SANDRA INES','9',36,0,'',1,'COSTA'),(316,31856489,1,66,97,NULL,15,1,'ANALIA  ','13',0,24,'',1,'COSTIN'),(317,32850345,1,73,371,NULL,15,1,'PABLO MARIANO ','13',0,12,'',1,'COURTADE '),(318,35335674,1,28,537,NULL,21,1,'ROSANA','13',36,0,'',1,'CRAVERO'),(319,35400014,1,85,898,NULL,15,1,'TATIANA AYELEN','13',0,24,'',1,'CREMA'),(320,34849460,1,28,537,NULL,21,1,'MARIA FLORENCIA','9',36,0,'',1,'CRESPO'),(321,35730993,2,51,871,NULL,6,1,'SOFIA TAIS ','6',40,0,'',1,'CRISTOFANETTI GILLIE '),(322,31255882,1,41,537,NULL,21,1,'CAMILA ROSANA','13',36,0,'',1,'CROCI'),(323,10225031,0,13,0,NULL,0,1,'ANGEL','VIATICOS',0,0,'CONSEJERA/O',1,'CROVETTO'),(324,26338876,1,26,537,NULL,21,1,'PAULA ELIZABETH','13',40,0,'',1,'CUELLO'),(325,23221326,1,65,165,NULL,16,1,'RODOLFO GUSTAVO','13',30,0,'',1,'CUELLO'),(326,36238217,1,105,667,NULL,15,1,'ANDRES','0',0,0,'',1,'CUGAT'),(327,14194751,1,105,0,NULL,15,1,'GUILLERMO LUIS ','13',0,24,'',1,'CUGAT'),(328,27642103,2,14,0,NULL,3,1,'DIEGO MARTIN','15',40,0,'COORDINADOR/RA',1,'D GIANO'),(329,27801950,2,51,871,NULL,6,1,'DAVID OSVALDO','8',40,0,'',1,'DA FONSECA'),(330,27666930,1,85,898,NULL,15,1,'MARIANGELES','13',16,12,'',1,'DA FONSECA'),(331,29153373,1,28,537,NULL,21,1,'MARIA VICTORIA DE LOS ANGELES ','9',36,0,'',1,'D AMICO '),(332,26392509,2,3,0,NULL,3,1,'GASTON ALFREDO','17',42,0,'ASESOR/RA',1,'DANERI'),(333,42572812,2,4,493,NULL,6,1,'MARIANELA','6',40,0,'',1,'DAURI'),(334,33413569,2,51,871,NULL,6,1,'DAIANA ALEJANDRA','8',40,0,'',1,'DAVALOS'),(335,28984495,1,7,1092,NULL,15,1,'IGNACIO GASTON ','III-A',24,0,'',1,'DAVOLOS'),(336,37431758,1,43,537,NULL,21,1,'LOURDES ANDREA','13',40,0,'',1,'DAWLOWSKI '),(337,40257420,1,42,537,NULL,21,1,'ZULEMA','9',36,0,'',1,'DAZA BARJA'),(338,37660757,1,42,537,NULL,21,1,'PAULA DIANA','9',36,0,'',1,'DAZA CABRERA'),(339,36897654,1,41,537,NULL,21,1,'PAULA MICAELA','13',36,0,'',1,'DE ESPADA'),(340,36073806,2,6,0,NULL,0,1,'JUAN','0',0,0,'',1,'DE GAUDIO'),(341,94283169,1,20,1092,NULL,15,1,'JOHANNA MARIA','13',0,12,'',1,'DE LA CRUZ ROMERO'),(342,24353422,1,65,165,NULL,19,1,'SANDRA KARINA','9',30,0,'',1,'DE LA LLERA'),(343,22494092,1,8,945,NULL,17,1,'GRACIELA BEATRIZ','15',36,0,'COORDINADOR/RA',1,'DE LUCA'),(344,35610088,1,17,748,NULL,16,1,'MARINA SOLEDAD','13',12,24,'',1,'DE MAJO '),(345,22923929,1,85,898,NULL,16,1,'ROMINA','13',8,24,'',1,'DE NAPOLI'),(346,33769933,1,9,525,NULL,16,1,'MARTIN ALEXIS','III - A ',24,24,'',1,'DE SALVO'),(347,28485356,1,83,490,NULL,17,1,'ALEJANDRA BEATRIZ','15',40,0,'COORDINADOR/RA',1,'DEL CASTILLO'),(348,36779441,1,8,945,NULL,19,1,'JULIETA','9',36,0,'',1,'DELCUADRI'),(349,23176888,1,28,537,NULL,21,1,'ELVIRA GABRIELA','9',36,0,'',1,'DELGADO'),(350,41390825,2,80,259,NULL,6,1,'ALDANA MACARENA ','6',40,0,'',1,'DELLA CORTE'),(351,42677132,2,51,871,NULL,6,1,'ANGELA MARTINA','6',40,0,'',1,'DELLA CORTE'),(352,37710963,1,83,490,NULL,15,1,'FEDERICO JAVIER','13',0,24,'',1,'DE MATTEI MOCCIA'),(353,25778434,0,103,0,NULL,0,1,'JESSICA','LO',0,0,'ASESOR/RA',1,'DERISSIO'),(354,43246920,2,52,467,NULL,4,1,'KAREN ABRIL','II-A',40,0,'',1,'DI BAJA'),(355,30086555,1,105,0,NULL,19,1,'NORBERTO ANGEL','11',48,0,'COORDINADOR',1,'DI LEO'),(356,26272348,1,22,738,NULL,15,1,'ROMINA WANDA','13',0,24,'',1,'DI PAOLI'),(357,13208290,0,103,0,NULL,0,1,'DANIEL   ','LO',0,0,'ASESOR/RA',1,'DI SUMMA'),(358,31604949,1,28,537,NULL,21,1,'MARIA VICTORIA','9',36,0,'',1,'ARIGAMELLO DIAZ'),(359,26431005,2,19,455,NULL,23,1,'LADISLAO','15',42,0,'COORDINADOR/RA',1,'DIAZ BALLVE'),(360,35524407,1,44,537,NULL,21,1,'FATIMA SOLEDAD','9',40,0,'',1,'DIAZ'),(361,24516205,1,38,537,NULL,24,1,'LEONARDO GUSTAVO','15',36,0,'COORDINADOR/RA',1,'DIAZ'),(362,24190844,1,76,1092,NULL,16,1,'MARIA DEL VALLE','13',36,0,'',1,'DIAZ'),(363,34269634,2,51,871,NULL,9,1,'MARIELA VERONICA','9',40,0,'',1,'DIAZ'),(364,24514875,1,69,220,NULL,16,1,'MAURO ALBERTO','13',24,0,'',1,'DIAZ'),(365,34647778,1,55,411,NULL,16,1,'NATALA ANAHI','13',30,0,'',1,'DIAZ'),(366,30012404,1,66,97,NULL,15,1,'FATIMA   ','13',0,24,'',1,'DIAZ PERNIA'),(367,28447622,1,85,898,NULL,16,1,'VICTORIA','13',24,12,'',1,'DIAZ PERNIA'),(368,95839677,1,94,371,NULL,0,1,'ZABDIELA SAFIR','III - A ',12,0,'',1,'DIAZ PIÑATE  '),(369,35402164,1,43,537,NULL,21,1,'MARCELO','9',36,0,'',1,'DIEGUEZ ROSENDE'),(370,30628712,1,45,537,NULL,21,1,'LAURA MELINA','9',36,0,'',1,'DIODATTI'),(371,24468731,1,73,1092,NULL,17,1,'ALEJANDRA LUCIA','18',40,0,'JEFE/A',1,'DIORNO'),(372,35357647,2,89,0,NULL,2,1,'JONATAN EZEQUIEL','13',24,0,'',1,'DIOS '),(373,31235140,2,51,871,NULL,6,1,'SABRINA','6',40,0,'',1,'DOMINE'),(374,34390236,1,43,537,NULL,21,1,'VALERIA FLORENCIA','9',36,0,'',1,'DOMINGUEZ CLAROS'),(375,13159460,1,96,259,NULL,0,1,'ELENA EDITH','LO',0,0,'DIRECTOR/A',1,'DOMINGUEZ   '),(376,36374824,2,4,493,NULL,8,1,'EMANUEL FERNANDO','13',40,0,'',1,'DOMINGUEZ'),(377,18780784,1,81,167,NULL,15,1,'LUIS GILBERTO GUZMÁN','13',0,24,'',1,'DOMINGUEZ'),(378,31978843,2,60,1035,NULL,11,1,'ALAN ERIC','11',48,0,'RESPONSABLE',1,'DONATI'),(379,31538874,1,47,1092,NULL,16,1,'JUAN MANUEL','13',36,0,'',1,'DORZA'),(380,95742526,1,81,167,NULL,15,1,'ENDER','13',0,12,'',1,'DUARTE AZUAJE'),(381,39769888,2,51,871,NULL,6,1,'CATALINA MARIA','6',40,0,'',1,'DUNAT'),(382,37417329,2,15,747,NULL,1,1,'MARIANO','I-D',40,0,'',1,'DURE'),(383,32958117,1,43,537,NULL,21,1,'ROMINA PAOLA','13',36,0,'',1,'DURE'),(384,32929329,1,73,371,NULL,15,1,'ELIANA ANDREA','13',0,36,'',1,'DUTTO'),(385,24597902,1,8,945,NULL,16,1,'MARIANO DAVID ','13',24,0,'',1,'ECHARRI '),(386,38603978,1,62,822,NULL,16,1,'JOSEFINA PILAR ','III-A',30,0,'',1,'ECHEVARRIA BELDOMENICO'),(387,30250536,1,42,537,NULL,21,1,'VANESA ELIZABETH ','9',36,0,'',1,'ELUSTONDO'),(388,41261668,2,51,871,NULL,6,1,'ARACELI','6',40,0,'',1,'ENCINA'),(389,24910984,2,18,259,NULL,0,1,'ALEJANDRO DANIEL','20',48,0,'DIRECTOR/A',1,'ENCISO'),(390,26605092,2,72,389,NULL,3,1,'JORGE DAVID','11',48,0,'COORDINADOR/RA',1,'ENCISO'),(391,34851406,1,66,97,NULL,15,1,'FLORENCIA','13',0,24,'',1,'ESCOBAR FERESIN'),(392,36062466,1,49,693,NULL,19,1,'LILIAN SOLEDAD','II-A',40,0,'',1,'ESCOBAR'),(393,22733726,1,46,537,NULL,21,1,'MARCELA FABIANA','13',36,0,'',1,'ESCOBAR'),(394,26919046,1,42,537,NULL,21,1,'SANDRA LILIANA','9',36,0,'',1,'ESCOFE GALLARDO'),(395,33985308,1,45,537,NULL,21,1,'ROMINA ELIZABETH','9',36,0,'',1,'ESCOFE  '),(396,34384420,1,61,934,NULL,16,1,'MARIA BELEN','13',36,0,'',1,'ESCUDERO'),(397,39712674,1,44,537,NULL,21,1,'SOFIA BELEN','9',36,0,'',1,'ESPINOSA'),(398,33876444,1,17,748,NULL,16,1,'LUCAS EZEQUIEL','13',24,0,'',1,'ESPINOZA'),(399,31298849,1,55,411,NULL,16,1,'SOFIA','13',24,0,'',1,'ESPOSTO'),(400,34460995,1,61,934,NULL,16,1,'YANINA SALOME ','13',24,0,'',1,'ESQUEF'),(401,41138335,2,53,1,NULL,10,1,'FERNANDO KEVIN','6',40,0,'',1,'ESQUIVEL'),(402,35119946,1,8,945,NULL,19,1,'FABRIZIO','9',30,0,'',1,'ESTANIEVI'),(403,31264735,1,41,537,NULL,21,1,'ISABEL AMANDA SOLEDAD','9',36,0,'',1,'ESTRADA '),(404,37161619,1,73,371,NULL,16,1,'MALENA ','13',12,24,'',1,'ETCHECHOURY '),(405,34411961,2,51,871,NULL,6,1,'DIANA ELIZABETH','6',36,0,'',1,'FABRIZIO ACOSTA'),(406,16710981,2,2,1035,NULL,11,1,'ADRIANA CORNELIA','18',40,0,'JEFE/A',1,'FACIN'),(407,95508855,1,85,898,NULL,16,1,'EVA  ','13',12,36,'',1,'FAJARDO SULLCA '),(408,36375272,1,47,583,NULL,16,1,'FEDERICO NAHUEL','13',24,0,'',1,'FARIAS '),(409,24383177,1,22,738,NULL,15,1,'MARIA INES','13',0,12,'',1,'FARIAS '),(410,26516351,1,62,822,NULL,19,1,'NORBERTO LEONARDO','9',36,0,'',1,'FARIAS '),(411,28253284,1,55,1092,NULL,17,1,'JAVIER EDUARDO','18',36,0,'JEFE/A',1,'FARINA'),(412,14364922,1,41,537,NULL,21,1,'MARTA BEATRIZ','13',36,0,'',1,'FARINA'),(413,33055288,1,51,871,NULL,0,1,'LEONARDO ANDRES','I-A',42,0,'',1,'FAUO GARCIA '),(414,26719141,2,52,467,NULL,3,1,'VERONICA LETICIA','13',40,0,'',1,'FAZZINI'),(415,31552891,1,66,97,NULL,15,1,'LUCIA','13',0,24,'',1,'FEATHERSON'),(416,24028484,1,43,537,NULL,21,1,'GABRIELA ANGELA','13',36,0,'',1,'FEDELE'),(417,34400182,1,67,961,NULL,16,1,'DAIANA FLORENCIA ','13',36,0,'',1,'FEDERICO'),(418,18857129,1,8,945,NULL,16,1,'EVGENIA','13',36,0,'',1,'FEDOSEYEVA'),(419,30982247,1,62,822,NULL,16,1,'SILVIA CARINA','13',0,0,'',1,'FERLIN'),(420,25137533,2,52,467,NULL,3,1,'MARIANA   ','13',40,0,'',1,'FERNANDEZ'),(421,29857550,1,69,220,NULL,15,1,'ANDRES ESTEBAN','13',0,24,'',1,'FERNANDEZ'),(422,38328050,1,41,537,NULL,21,1,'BELEN MERCEDES','9',36,0,'',1,'FERNANDEZ  '),(423,34295283,1,68,1092,NULL,17,1,'DENISE','18',40,0,'JEFE/A',1,'FERNANDEZ CAMPOS'),(424,42340672,2,51,871,NULL,5,1,'VALENTIN','5',42,0,'AGENTE DE TRASLADO',1,'FERNANDEZ DELGADO'),(425,31531582,1,69,220,NULL,15,1,'EMMANUEL','13',0,24,'',1,'FERNANDEZ'),(426,24112876,1,43,537,NULL,21,1,'FACUNDO RAUL ','9',36,0,'',1,'FERNANDEZ'),(427,24730567,1,48,429,NULL,19,1,'GABRIEL MARCELO','9',40,0,'',1,'FERNANDEZ'),(428,37243737,1,65,165,NULL,19,1,'GABRIELA BELEN','9',36,0,'',1,'FERNANDEZ'),(429,35903335,1,48,429,NULL,17,1,'INELLA ANTONELLA','18',40,0,'JEFE/A',1,'FERNANDEZ'),(430,33807484,1,61,934,NULL,16,1,'INELLA FLORENCIA','13',24,24,'',1,'FERNANDEZ'),(431,27240965,1,47,1092,NULL,16,1,'MARISA ELENA','III-A',24,0,'',1,'FERNANDEZ JANYAR'),(432,20016089,1,20,1092,NULL,17,1,'RICARDO PRIMITIVO','15',40,0,'COORDINADOR/RA',1,'FERNANDEZ JAYNAR'),(433,34509413,1,17,748,NULL,19,1,'JIMENA SOLEDAD','9',24,0,'',1,'FERNANDEZ'),(434,28076832,2,60,378,NULL,25,1,'ROMINA PAULA','9',40,0,'',1,'FERNANDEZ'),(435,37051000,1,17,748,NULL,19,1,'MARIA EUGENIA ','9',24,0,'',1,'FERNANDEZ '),(436,18051287,2,13,0,NULL,0,1,'ROBERT','21',48,0,'CONSEJERA/O',1,'FERNANDEZ MEIRE'),(437,36778257,1,73,371,NULL,15,1,'PAULA','13',0,24,'',1,'FERNANDEZ'),(438,32034463,1,85,898,NULL,15,1,'ROMINA LECRECIA','13',0,24,'',1,'FERNANDEZ'),(439,24184210,1,41,537,NULL,21,1,'VANESA VERONICA','III-A',36,0,'',1,'FERNANDEZ '),(440,37555590,1,61,934,NULL,15,1,'FRANCO NICANOR','0',0,24,'',1,'FERRANDI AZTIRIA'),(441,34949430,1,22,1092,NULL,0,1,'GASTON MATIAS ','0',0,24,'',1,'FERRARO'),(442,94410132,2,57,619,NULL,9,1,'JOSE FERNANDO','9',40,0,'',1,'FERREIRA AVALOS'),(443,29931575,1,62,822,NULL,13,1,'CECILIA PAMELA','5',36,0,'',1,'FERREIRA   '),(444,94244673,1,20,1092,NULL,15,1,'JULIANA ','13',0,12,'',1,'FERREIRA DA SOUZA'),(445,35610808,1,22,738,NULL,15,1,'FRANCO','13',0,24,'',1,'FERRERI '),(446,39332036,1,8,945,NULL,16,1,'ANTONELLA LUZ','13',40,0,'',1,'FERREYRA '),(447,35340163,1,42,537,NULL,21,1,'ERICA YANEL','9',36,0,'',1,'FERREYRA'),(448,32523043,1,7,1103,NULL,16,1,'ERIKA NATALIA','13',40,0,'',1,'FERREYRA '),(449,25915737,1,101,537,NULL,21,1,'OSCAR JAVIER','II-A',36,0,'',1,'FERREYRA'),(450,33807499,1,45,537,NULL,21,1,'ROCIO','13',36,0,'',1,'FERREYRA'),(451,35034390,1,47,1092,NULL,16,1,'FEDERICO MARTIN','13',36,0,'',1,'FERRO'),(452,37349777,1,43,537,NULL,21,1,'CAROLINA ANABEL','9',36,0,'',1,'FIALHO '),(453,30408092,1,67,961,NULL,16,1,'ANA MARIEL ','13',24,0,'',1,'FINKELSTEYN '),(454,37564596,1,76,1042,NULL,0,1,'EMILIO MARIANO','III-A',36,0,'',1,'FIOROTTO'),(455,11684600,2,19,259,NULL,0,1,'BEATRIZ MARCELA','20',48,0,'DIRECTOR/A',1,'FIRMENICH'),(456,32300066,1,105,0,NULL,16,1,'HERNAN DANIEL','III - A ',24,0,'',1,'FLEITAS '),(457,24993616,1,43,537,NULL,21,1,'CECILIA DAMIANA ','13',36,0,'',1,'FLORENCIO'),(458,20291239,1,42,537,NULL,21,1,'ALICIA','13',36,0,'',1,'FLORES'),(459,29052679,1,49,693,NULL,19,1,'CAROLINA OBDULIA','9',40,0,'',1,'FLORES'),(460,27236290,1,81,167,NULL,15,1,'MARIA CECILIA','13',0,24,'',1,'FLORES'),(461,26934447,2,11,766,NULL,1,1,'MARIANA DANIELA','6',40,0,'',1,'FLORES'),(462,19031332,1,42,537,NULL,21,1,'MONICA','13',36,0,'',1,'FLORES MENDOZA'),(463,24529334,2,13,0,NULL,0,1,'ROSANA VIRGINIA','LO',0,0,'',1,'FORESTI'),(464,31912645,1,48,429,NULL,19,1,'CECILIA ELIZABETH','11',40,0,'COORDINADOR/RA',1,'FORTUNATO'),(465,31039645,1,9,525,NULL,15,1,'MARCELA MARINA','13',0,24,'',1,'FOX'),(466,26520156,1,85,898,NULL,15,1,'ERIKA LILIANA','13',0,24,'',1,'FRAGUAS'),(467,28768428,2,52,389,NULL,3,1,'JAVIER HORACIO','18',48,0,'JEFE/A',1,'FRANCHI '),(468,29661957,1,23,0,NULL,16,1,'ROXANA LORENA','III-A',40,12,'',1,'FRANZE'),(469,35485783,1,41,537,NULL,21,1,'MELANIE SOLEDAD','II-A',36,0,'',1,'FREITES'),(470,27067056,1,41,537,NULL,21,1,'NATALIA VANESA','13',36,0,'',1,'FRETTE'),(471,31798943,1,45,537,NULL,21,1,'YESICA ELISABETH','9',36,0,'',1,'FRIAS'),(472,41545287,2,51,871,NULL,6,1,'TOMAS PEDRO','6',40,0,'',1,'FROLA'),(473,18818351,1,43,537,NULL,21,1,'CARLOS','9',36,0,'',1,'FUENTES SOTO'),(474,24311852,1,30,537,NULL,24,1,'CARLOS DAMIAN','15',40,0,'COORDINADOR/RA',1,'FUSTER'),(475,32573214,1,43,537,NULL,21,1,'ROMINA MARIEL','9',36,0,'',1,'GALA'),(476,35609939,1,69,220,NULL,16,1,'FELIPE','13',24,24,'',1,'GALAN '),(477,32439044,1,44,537,NULL,21,1,'PAOLA VANESA ','9',36,0,'',1,'GALEAN '),(478,94402456,1,43,537,NULL,21,1,'CESAR RAMON','II-A',36,0,'',1,'GALEANO OCAMPOS'),(479,43198194,1,48,429,NULL,19,1,'GABRIEL OSCAR','II-A',40,0,'',1,'GALINDO '),(480,35062991,1,41,537,NULL,21,1,'LAURA  GIMENA','13',36,0,'',1,'GALLARDO'),(481,24518366,2,86,455,NULL,22,1,'GONZALO EDUARDO ','9',40,0,'',1,'GALLO'),(482,20615561,1,85,898,NULL,16,1,'MARIA JULIANA','13',6,12,'',1,'GALLO'),(483,40634281,1,44,537,NULL,21,1,'JULIANA ','9',36,0,'',1,'GALTOGNOTTI '),(484,38926537,1,62,822,NULL,19,1,'MARIEL','9',36,0,'',1,'GALTOGNOTTI '),(485,22195671,1,28,537,NULL,21,1,'RODOLFO SEBASTIAN','9',36,0,'',1,'GALTOGNOTTI'),(486,39110184,1,62,822,NULL,19,1,'LUIS EDGARDO','9',42,0,'',1,'GALVAN'),(487,35635993,1,17,748,NULL,13,1,'MAGALI AYELEN','5',24,0,'',1,'GALVAN'),(488,32665766,2,50,800,NULL,1,1,'JUAN MANUEL','6',40,0,'',1,'GANDOLFI '),(489,32145067,1,27,537,NULL,0,1,'DANIELA CAROLINA','III-A',36,0,'',1,'GAONA'),(490,13863693,1,83,1092,NULL,17,1,'CARLOS ALBERTO','18',48,0,'JEFE/A',1,'GARAVAGLIA'),(491,39548303,1,42,537,NULL,21,1,'CARLOS DANIEL','9',36,0,'',1,'GARAY'),(492,33999544,1,41,537,NULL,21,1,'ROXANA ELIZABETH','13',36,0,'',1,'GARCETE'),(493,25690760,2,4,259,NULL,7,1,'BERNARDO','18',40,0,'JEFE/A',1,'GARCIA AYALA'),(494,12274565,2,52,467,NULL,3,1,'CARLOS EDUARDO','15',48,0,'COORDINADOR/RA',1,'GARCIA'),(495,26472774,1,81,167,NULL,15,1,'HELGA  LAURA','13',0,36,'',1,'GARCIA'),(496,36754805,1,49,693,NULL,15,1,'FELICITAS ','13',0,24,'',1,'GARCIA HERRERA'),(497,29391573,2,51,871,NULL,5,1,'JUAN PABLO','5',42,0,'AGENTE DE TRASLADO',1,'GARCIA  '),(498,27381940,2,16,1084,NULL,1,1,'LILIANA ANDREA','6',40,0,'',1,'GARCIA '),(499,35910637,1,94,1092,NULL,15,1,'MAGDALENA','III - A ',0,0,'',1,'GARCIA'),(500,35078191,1,73,371,NULL,17,1,'MARIA SOLEDAD','15',40,0,'COORDINADOR/RA',1,'GARCIA'),(501,37371797,2,54,311,NULL,8,1,'ROMINA CLAUDIA','13',36,0,'',1,'GARCIA'),(502,18896131,1,61,934,NULL,16,1,'JOSÉ ANTONIO','13',30,0,'',1,'GARCIA URRUTIA INCHAUSTEGUI'),(503,31480986,1,46,537,NULL,21,1,'VANESA SOLEDAD','9',36,0,'',1,'GARCIA'),(504,25654298,2,13,0,NULL,0,1,'DIANA CLAUDIA','21',48,0,'CONSEJERA/O',1,'GARCILAZO '),(505,35958330,2,51,871,NULL,6,1,'PABLO','6',40,0,'',1,'GARGUILO'),(506,18739766,1,83,490,NULL,15,1,'GERARDO RENATO','13',0,24,'',1,'GARNIER'),(507,26186277,1,83,490,NULL,15,1,'LORENA REGINA','13',0,24,'',1,'GAROFANI'),(508,26004228,1,62,822,NULL,19,1,'SILVIA KARINA','9',42,0,'',1,'GARZON'),(509,40656380,1,44,537,NULL,21,1,'JESICA MARIA DE LOS ANGELES','9',36,0,'',1,'GASTALDI'),(510,31067830,1,43,537,NULL,21,1,'GLORIA CRISTINA','13',36,0,'',1,'GAUNA'),(511,93739814,1,43,537,NULL,21,1,'CAROLINA','II-A',36,0,'',1,'GAUTO'),(512,23006170,1,62,822,NULL,15,1,'GASTON RANCISCO','13',0,24,'',1,'GENOUD'),(513,32821531,1,69,220,NULL,16,1,'GERMAN','13',24,24,'',1,'GENTILI'),(514,35230690,1,28,537,NULL,21,1,'NATALIA','13',36,0,'',1,'GEREZ'),(515,20820252,1,62,822,NULL,19,1,'LUISA CRISTINA','9',36,0,'',1,'GERGEL'),(516,33341838,1,8,945,NULL,19,1,'ORNELA','9',36,0,'',1,'GHIO '),(517,31880128,1,41,537,NULL,21,1,'DAIANA SOLANGE ','13',36,0,'',1,'GIACCHI'),(518,33914812,1,8,945,NULL,19,1,'YAMILA ISABEL','9',36,0,'',1,'GIANNONI'),(519,30218675,1,8,945,NULL,16,1,'FLORENCIA LEDA','III-A',36,0,'',1,'GIANNUZZI'),(520,41873923,2,51,871,NULL,6,1,'VALENTINA','6',40,0,'',1,'GIGENA '),(521,30427012,1,62,822,NULL,17,1,'MARIA FLORENCIA','15',42,0,'COORDINADOR/RA',1,'GIL'),(522,40224135,1,17,748,NULL,19,1,'ALAN IGNACIO','9',24,0,'',1,'GIMENEZ '),(523,28307984,1,45,537,NULL,21,1,'CARINA CRISTINA','13',36,0,'',1,'GIMENEZ'),(524,30400394,1,45,537,NULL,21,1,'MARIA DE LOS ANGELES','9',36,0,'',1,'GIMENEZ'),(525,13424663,1,9,1092,NULL,17,1,'HECTOR OMAR','18',40,0,'JEFE/A',1,'GIOVAGNOLI'),(526,31658288,2,62,822,NULL,13,1,'NATALIA GISELE','6',40,0,'',1,'GIRALDO'),(527,32111463,1,73,371,NULL,15,1,'IGNACIO','13',0,12,'',1,'GIROLIMINI'),(528,30929629,1,48,429,NULL,19,1,'CINTIA ROMINA','9',36,0,'',1,'GODETTI'),(529,22221555,2,52,467,NULL,2,1,'JOSE ALEJANDRO','13',36,0,'',1,'GODOY'),(530,28024624,1,8,945,NULL,16,1,'MARIA FERNENDA','13',24,0,'',1,'GODOY'),(531,35330303,1,76,1042,NULL,16,1,'MARIA NOELIA','13',40,0,'',1,'GODOY'),(532,28672685,1,44,537,NULL,0,1,'NESTOR ALEJANDRO','II-A',36,0,'',1,'GODOY'),(533,27601825,1,9,525,NULL,16,1,'BARBARA EDITH','13',24,0,'',1,'GOLDSZTAIJN'),(534,21950182,1,40,537,NULL,21,1,'ADRIANA JOSEFA','13',36,0,'',1,'GOMEZ'),(535,33505851,1,66,97,NULL,15,1,'MERCEDES  ','13',0,24,'',1,'GOMEZ AGUERRE'),(536,37399610,1,21,1092,NULL,15,1,'CAMILA SOLEDAD','0',0,12,'',1,'GOMEZ'),(537,31224731,1,30,375,NULL,24,1,'CLARA IRENE','18',40,0,'JEFE/A',1,'GOMEZ'),(538,34423885,1,41,537,NULL,21,1,'CLAUDIA GISELLE','13',36,0,'',1,'GOMEZ '),(539,25055123,1,31,537,NULL,24,1,'CLAUDIA RAQUEL','11',40,0,'COORDINADOR/RA',1,'GOMEZ'),(540,25981890,1,43,537,NULL,21,1,'JAVIER MAURICIO','9',36,0,'',1,'GOMEZ'),(541,31446440,1,61,934,NULL,17,1,'JULIETA PAULA','15',48,0,'COORDINADOR/RA',1,'GOMEZ'),(542,29746920,1,48,429,NULL,19,1,'MELISA','9',40,0,'',1,'GOMEZ'),(543,34229224,1,48,429,NULL,19,1,'MIRTA CAROLINA','11',40,0,'COORDINADOR/RA',1,'GOMEZ'),(544,39559721,1,85,898,NULL,0,1,'ORIANA AYELEN','13',32,0,'',1,'GOMEZ PARIONA'),(545,22858278,1,26,537,NULL,21,1,'ROXANA VALERIA ','I-A',36,0,'',1,'GOMEZ '),(546,20880210,1,41,537,NULL,21,1,'VIVIANA TERESA','9',36,0,'',1,'GOMEZ'),(547,24421726,2,2,406,NULL,11,1,'AUGUSTO MARCIAL','15',40,0,'COORDINADOR/RA',1,'GOMILA'),(548,18908010,1,22,738,NULL,15,1,'ISIDRO','13',0,24,'',1,'GONZA'),(549,36287642,1,45,537,NULL,21,1,'CARLA GISELE NOELI','9',36,0,'',1,'GONZALEZ'),(550,45316650,1,51,871,NULL,0,1,'DANIEL ELIAS','I-A',42,0,'AGENTE DE TRASLADO',1,'GONZALEZ '),(551,30162366,1,41,537,NULL,21,1,'FLAVIA','13',36,0,'',1,'GONZALEZ'),(552,40248629,1,41,537,NULL,21,1,'GIULIANA BELEN ','II-A',36,0,'',1,'GONZALEZ '),(553,94560097,1,25,537,NULL,21,1,'PATRICIA MARISEL','9',36,0,'',1,'GONZALEZ HOYOS'),(554,25261807,1,48,429,NULL,19,1,'JULIANA ALCIRA','9',36,0,'',1,'GONZALEZ'),(555,30744833,1,49,693,NULL,17,1,'LUCIANA PATRICIA','15',48,0,'COORDINADOR/RA',1,'GONZALEZ'),(556,31423172,1,26,537,NULL,21,1,'MARCIA JOHANNA','13',40,0,'',1,'GONZALEZ MORE'),(557,29994182,1,66,97,NULL,15,1,'PATRICIO CARLOS','13',0,24,'',1,'GONZALEZ'),(558,34800373,1,28,537,NULL,21,1,'RUTH MIRIAM','13',36,0,'',1,'GONZALEZ'),(559,33853774,1,22,738,NULL,15,1,'MARIANO EZEQUIEL','13',0,24,'',1,'GOTELLI'),(560,35422241,1,83,490,NULL,16,1,'BRENDA SOLEDAD','13',24,24,'',1,'GRAMAJO'),(561,39743668,0,85,898,NULL,0,1,'MARÍA EMILIA','13',32,0,'',1,'GRAND'),(562,35265650,1,73,371,NULL,17,1,'ANABELLA','15',40,12,'COORDINADOR/RA',1,'GRASSANO '),(563,32438150,1,22,738,NULL,15,1,'MARIA BELEN ','13',0,12,'',1,'GRELA '),(564,31363555,1,9,525,NULL,15,1,'CARLA MARÍA ','13',12,12,'',1,'GRIGONI'),(565,34412099,2,52,389,NULL,0,1,'LUCIANA ','LO',0,0,'',1,'GRIGUOLI'),(566,33442387,1,73,371,NULL,15,1,'ANABELLA SUSANA ','13',0,12,'',1,'GRIMALDI'),(567,26891835,1,28,537,NULL,21,1,'LEANDRO','9',36,0,'',1,'GRIPPO '),(568,24910124,2,51,871,NULL,5,1,'ANDRES HORACIO','5',42,0,'AGENTE DE TRASLADO',1,'GUARACHI'),(569,39294310,1,8,945,NULL,16,1,'MARIA LINA','13',24,0,'',1,'GUARNIERI'),(570,26872512,2,72,390,NULL,1,1,'MELINA VANESA','8',40,0,'',1,'GUARNIERI'),(571,35953408,1,43,537,NULL,21,1,'CRISTIAN OSCAR','9',36,0,'',1,'GUDIÑO'),(572,37998152,1,99,537,NULL,21,1,'CARLA JULIETA','II-A',36,0,'',1,'GUERRA '),(573,22699982,1,41,537,NULL,21,1,'LAURA PATRICIA','13',36,0,'',1,'GUERRA '),(574,27725483,1,43,537,NULL,21,1,'OLGA BEATRIZ','III-A',36,0,'',1,'GUERRA'),(575,19047834,1,69,220,NULL,16,1,'RENAN ISSAC','13',30,0,'',1,'GUERRERO ALVARADO '),(576,18379862,2,12,311,NULL,7,1,'GILBERTO GUIDO GASTON','15',40,0,'COORDINADOR/RA',1,'GUGGINI'),(577,95176887,1,48,429,NULL,19,1,'MICAELA','9',40,0,'',1,'GUILLEN ESTIGARRIBIA'),(578,39749650,1,41,537,NULL,21,1,'JULIETA','9',36,0,'',1,'GUILLEN'),(579,27915721,1,48,429,NULL,19,1,'NATALIA','9',36,0,'',1,'GUILLEN'),(580,23366679,1,30,537,NULL,24,1,'SONIA ISABEL','15',36,0,'COORDINADOR/RA',1,'GULLOTTA'),(581,35609290,1,69,220,NULL,16,1,'FRANCISCO ','13',0,0,'',1,'GUTIERREZ '),(582,35142783,1,44,537,NULL,21,1,'ANA LAURA','9',36,0,'',1,'GUTTILLA VARGAS '),(583,29499600,1,47,1092,NULL,17,1,'JULIETA  ','15',48,0,'COORDINADOR/RA',1,'GUYOT'),(584,24515358,1,62,822,NULL,12,1,'GLENDA MABEL','13',30,0,'',1,'GUZMAN'),(585,39707611,1,8,945,NULL,19,1,'JULIETA AGUSTINA','II-A',36,0,'',1,'HEGEL'),(586,35608954,1,62,822,NULL,15,1,'FLORENCIA','13',0,24,'',1,'HENEN'),(587,31936194,2,2,406,NULL,12,1,'SANTIAGO PABLO','13',40,0,'',1,'HERAS'),(588,96181186,1,85,898,NULL,0,1,'CRISTIAN GERARDO','III - A ',32,0,'',1,'HEREDIA CAMPOVERDE'),(589,29718666,1,7,1103,NULL,0,1,'MARIA FLORENCIA','II-G',36,0,'COORDINADORA',1,'HEREDIA'),(590,38062199,2,49,693,NULL,13,1,'MARINA BELEN','6',40,0,'',1,'HEREDIA '),(591,28154622,1,66,97,NULL,15,1,'MARIA JIMENA','13',0,24,'',1,'HERNANDEZ'),(592,37383054,1,8,945,NULL,19,1,'ABIGAIL SOLEDAD ','II-A',36,0,'',1,'HENRIQUES MARQUES'),(593,41779975,2,51,871,NULL,0,1,'CARLOS ABEL','I-D',40,0,'',1,'HERRERA'),(594,33633292,1,44,537,NULL,21,1,'JESICA BEATRIZ','13',36,0,'',1,'HERRERA '),(595,24422785,1,44,537,NULL,21,1,'LILIANA BEATRIZ','9',36,0,'',1,'HERRERA  '),(596,36259975,0,81,167,NULL,0,1,'MILAGROS SOLEDAD','0',0,0,'',1,'HERRERA'),(597,35633835,1,30,537,NULL,24,1,'SERGIO JAVIER','11',36,0,'COORDINADOR/RA',1,'HERRERA  '),(598,94220904,1,9,525,NULL,16,1,'BOYLE ENRIQUE ','13',24,48,'',1,'HOFFMANN FLORES '),(599,37029776,1,62,822,NULL,16,1,'LUCIA','13',30,0,'',1,'HOLLMAN'),(600,21569133,1,47,1092,NULL,17,1,'MARIA ALEJANDRA','15',42,0,'COORDINADOR/RA',1,'HOLZE'),(601,37981094,1,83,490,NULL,15,1,'JULIAN AGUSTIN','13',0,24,'',1,'HORNES'),(602,33981268,1,85,898,NULL,15,1,'SOL ANAHI','13',0,24,'',1,'HUND'),(603,26591526,2,51,871,NULL,0,1,'ALCIRA ALICIA','I - D',40,0,'',1,'IBAÑEZ'),(604,33955425,1,49,693,NULL,19,1,'YESICA NATALIA','9',36,0,'',1,'IBAÑEZ'),(605,33709901,1,109,620,NULL,15,1,'CAROLINA JULIETA','0',0,24,'',1,'IBARRA '),(606,27382158,1,45,537,NULL,21,1,'ANDREA VANESA','13',36,0,'',1,'IBARROLA '),(607,39879549,2,77,0,NULL,1,1,'GERMAN','8',48,0,'',1,'IGLESIAS'),(608,33156650,1,44,537,NULL,21,1,'GISELLE MYRIAM','9',36,0,'',1,'IGNACIO'),(609,23259804,1,85,898,NULL,17,1,'JUAN PABLO','15',36,0,'COORDINADOR/RA',1,'INCHAUSTI'),(610,14691682,2,13,0,NULL,0,1,'JOSE LUIS','LO',0,0,'',1,'INGOLD'),(611,31086705,1,20,1092,NULL,15,1,'MICAELA VALERIA','13',0,12,'',1,'IÑIGUEZ'),(612,36375201,1,17,748,NULL,19,1,'YISSEL ANAHI','9',24,0,'',1,'IÑIGUEZ'),(613,35609884,1,17,748,NULL,16,1,'GRISEL AGOSTINA','13',12,24,'',1,'IOCCO'),(614,29399119,1,66,97,NULL,17,1,'ANALIA VANESA','15',24,12,'COORDINADOR/RA',1,'IRIBAS'),(615,19041224,1,81,167,NULL,17,1,'HECTOR LUIS','15',40,0,'COORDINADOR/RA',1,'IZQUIERDO CARRERA'),(616,38668982,1,62,822,NULL,16,1,'MARÍA LUZ','13',40,0,'',1,'JAIME HERNÁNDEZ '),(617,17393785,2,57,259,NULL,7,1,'MARCELO TELMO','11',48,0,'COORDINADOR/RA',1,'JAIME'),(618,32466538,1,81,167,NULL,15,1,'ROMINA DANIELA ','13',0,24,'',1,'JAIME'),(619,23830953,1,44,537,NULL,21,1,'MARCELA ANDREA','13',36,0,'',1,'JARA '),(620,23923697,1,109,620,NULL,17,1,'ARIEL HERNAN','III-O',48,0,'',1,'JAUREGUY'),(621,33285975,1,61,934,NULL,15,1,'PABLO LEANDRO','III - A ',0,24,'',1,'JAVIER'),(622,31258747,1,81,167,NULL,17,1,'GERMAN ANDRES','III-G',48,0,'',1,'JELUSIC'),(623,23553500,2,77,0,NULL,3,1,'ALEJANDRA GABRIELA','11',48,0,'COORDINADOR/RA',1,'JUAREZ'),(624,27542421,2,72,390,NULL,4,1,'DEBORA ANALIA','9',40,0,'',1,'JUAREZ'),(625,29985398,1,28,537,NULL,21,1,'EMANUEL DAMIAN','13',36,0,'',1,'JUAREZ'),(626,35118811,1,30,537,NULL,24,1,'MATIAS EZEQUIEL ','15',36,0,'COORDINADOR/RA',1,'JUAREZ'),(627,36375113,2,51,871,NULL,5,1,'ESTEBAN','5',42,0,'AGENTE DE TRASLADO',1,'JUAREZ ROLDAN'),(628,39107438,1,65,165,NULL,19,1,'MICAELA BELEN','9',36,0,'',1,'JUARROZ'),(629,42460899,2,53,1,NULL,25,1,'AGUSTIN ISAIAS','II-A',40,0,'',1,'JULIO'),(630,19067326,1,43,537,NULL,21,1,'VALERY','9',36,0,'',1,'JURGUENS VICHARRA'),(631,35761958,1,9,525,NULL,15,1,'LEO KURT','13',0,36,'',1,'KAMPHAUSEN '),(632,39597266,1,8,945,NULL,19,1,'NOELIA NATALIA','9',30,0,'',1,'KAZMIRUK'),(633,37034887,1,83,490,NULL,15,1,'MELINA MARLENE','III - A ',0,24,'',1,'KLOSTER'),(634,29947485,1,17,748,NULL,19,1,'CLAUDIA ALEJANDRA','9',24,0,'',1,'KOHLER'),(635,20012947,1,66,97,NULL,16,1,'LUIS BENJAMIN','III-A',12,0,'',1,'KOVALIVKER'),(636,23237801,1,8,945,NULL,19,1,'ANDREA CAROLA ','9',30,0,'',1,'KRBAVCIC'),(637,7704421,2,13,0,NULL,0,1,'RAFAEL CLAUDIO','LO',0,0,'',1,'KURTZBART'),(638,27437582,1,48,429,NULL,17,1,'YANELA MARINA','15',40,0,'COORDINADOR/RA',1,'LABARILE'),(639,21851901,1,17,748,NULL,15,1,'SILVIA ALICIA','13',0,24,'',1,'LABORDE'),(640,30494681,2,14,0,NULL,2,1,'VICTORIA MERCEDES','13',40,0,'',1,'LACROIX '),(641,26284809,1,99,537,NULL,0,1,'GEORGINA ANABEL','II-A',36,0,'',1,'LAGRAÑA'),(642,29546185,2,78,259,NULL,6,1,'MARIA AGUSTINA','8',48,0,'',1,'LAITAN'),(643,39672343,1,44,537,NULL,21,1,'ANTONELLA','13',36,0,'',1,'LALUEZA'),(644,38046539,1,43,537,NULL,21,1,'GONZALO AGUSTIN','9',36,0,'',1,'LAMAS'),(645,46483171,1,87,1092,NULL,16,1,'LUIS FELIPE','13',24,0,'',1,'LARA MOSCOLINI'),(646,35955293,1,17,748,NULL,16,1,'JOSEFINA ','13',12,24,'',1,'LARRALDE'),(647,31461850,1,42,537,NULL,21,1,'GUIDO ANDRES','9',36,0,'',1,'LASTIRI PEREZ'),(648,92987320,1,45,537,NULL,21,1,'PAMELA','9',36,0,'',1,'LAYME CHACA'),(649,35424419,1,44,537,NULL,21,1,'VICTORIA GENOVEVA ','9',36,0,'',1,'LEAL'),(650,31255817,1,41,537,NULL,21,1,'ALEJANDRA SOLEDAD','13',36,0,'',1,'LEDESMA'),(651,30102131,1,65,165,NULL,19,1,'NATALIA VANESA','9',30,0,'',1,'LEDESMA'),(652,38620468,1,43,537,NULL,21,1,'JESICA JACQUELLINE','III-A',36,0,'',1,'LEDEZMA LAFUENTE'),(653,29028051,1,17,748,NULL,19,1,'ANA PAULA','9',24,0,'',1,'LEGUIZA'),(654,25850353,1,109,620,NULL,15,1,'ALEJANDRA IRENE','III-A',0,24,'',1,'LEGUIZAMO'),(655,22784921,1,46,537,NULL,21,1,'ESTELA ELVIRA','9',36,0,'',1,'LEIVA'),(656,34055142,1,43,537,NULL,21,1,'JESSICA PAMELA','13',36,0,'',1,'LEIVA'),(657,35042778,1,47,1092,NULL,16,1,'MARINA SOLEDAD ','13',36,0,'',1,'LEIVA '),(658,31726642,1,99,537,NULL,21,1,'NATACHA BEATRIZ','II - A ',36,0,'',1,'LEIVA '),(659,33786208,1,41,537,NULL,21,1,'ERICA LORENA','9',36,0,'',1,'LENCINA'),(660,27301306,1,41,537,NULL,21,1,'MARCELO JAVIER','13',36,0,'',1,'LEON'),(661,96035676,1,81,167,NULL,15,1,'NAYRRA JOSÈ','13',0,24,'',1,'LEÒN PADRÒN'),(662,32004872,1,22,738,NULL,15,1,'YAMILA ELIZABETH ','13',0,24,'',1,'LEONFORTE '),(663,35795897,2,58,303,NULL,25,1,'VICTOR JAVIER','9',40,0,'',1,'LERMA'),(664,30323142,1,62,822,NULL,19,1,'NANCY JULIETA','9',42,0,'',1,'LEWTAK'),(665,40931040,1,44,537,NULL,21,1,'LEILA ABRIL','9',36,0,'',1,'LEZCANO'),(666,28868098,2,52,467,NULL,3,1,'LAURA   ','17',42,0,'ASESOR/RA',1,'LINZITO '),(667,26277046,1,105,0,NULL,17,1,'EMILIA ARIEL','III-G',48,0,'COORDINACION',1,'LOGARZO'),(668,27312459,2,51,871,NULL,6,1,'ANALIA','6',40,0,'',1,'LOPETEGUI'),(669,36992931,1,48,429,NULL,19,1,'CAROLINA','II-A',40,0,'',1,'LOPEZ'),(670,26395374,1,83,490,NULL,16,1,'JULIETA ANDREA','13',12,24,'',1,'LOPEZ DA SILVA'),(671,31848779,1,63,89,NULL,16,1,'MARIA MAURA','13',40,0,'',1,'LOPEZ GASTON'),(672,32122367,1,8,945,NULL,19,1,'MARIANELA JOHANA','9',24,0,'',1,'LOPEZ'),(673,31129783,1,44,537,NULL,21,1,'LEONARDO GASTON ','13',36,0,'',1,'LOPEZ '),(674,20718773,1,41,537,NULL,21,1,'MARIA BEATRIZ ','13',36,0,'',1,'LOPEZ '),(675,34255885,1,27,537,NULL,21,1,'MICAELA BELEN','9',36,0,'',1,'LOPEZ '),(676,27644531,1,45,537,NULL,21,1,'CLAUDIA GABRIELA','9',36,0,'',1,'LOPEZ SECO'),(677,27800451,2,3,0,NULL,2,1,'SERGIO ANDRES ','13',42,0,'',1,'LOPEZ'),(678,21460667,1,44,537,NULL,21,1,'SOLVIA ARACELI','13',36,0,'',1,'LOPEZ'),(679,25653982,1,43,537,NULL,21,1,'VIRGINIA SILVIA','13',36,0,'',1,'LOPEZ'),(680,34461827,1,28,537,NULL,21,1,'YAMILA','13',36,0,'',1,'LOPEZ'),(681,33554860,1,67,961,NULL,16,1,'DANIELA YAEL','13',24,0,'',1,'LOSARDO'),(682,38685582,1,68,423,NULL,16,1,'IGNACIO EZEQUIEL','13',36,0,'',1,'LOTO '),(683,34713204,1,42,537,NULL,21,1,'BARBARA BELEN','13',36,0,'',1,'LOZA'),(684,34084874,1,55,411,NULL,16,1,'LEANDRO SIMÓN ','13',36,0,'',1,'LOZANO '),(685,35168223,1,66,97,NULL,15,1,'MARIA PAULA','13',0,24,'',1,'LUCARNO'),(686,28549001,1,67,961,NULL,19,1,'VERONICA ISABEL','MF',24,0,'',1,'LUCENA'),(687,29160662,1,85,898,NULL,16,1,'ROMINA Elizabet','13',6,24,'',1,'LUCERO Cordoba'),(688,12766641,1,64,1092,NULL,17,1,'JORGE HORACIO','15',40,0,'COORDINADOR/RA',1,'LUCERO'),(689,32858989,1,42,537,NULL,21,1,'ROSANA VALERIA ','9',36,0,'',1,'LUCERO'),(690,32420497,1,73,371,NULL,17,1,'MARIA VICTORIA','15',40,0,'COORDINADOR/RA',1,'LUCHESSI'),(691,33459738,1,47,1092,NULL,16,1,'ANDRÉS RODOLFO','13',36,0,'',1,'LUCÍA '),(692,21788691,1,81,167,NULL,15,1,'ALEJANDRO AGUSTIN','III',0,24,'',1,'LUCIANI'),(693,32422850,1,49,1092,NULL,17,1,'SOFIA INES','18',48,0,'JEFE/A',1,'LUCINI '),(694,27257599,1,43,537,NULL,21,1,'NORA','13',36,0,'',1,'LUIZAGA'),(695,20994416,1,85,898,NULL,15,1,'NORMA','13',0,24,'',1,'LUJAN CRUZ'),(696,26340933,1,46,537,NULL,21,1,'KARINA NOEMI','9',36,0,'',1,'LUNA  '),(697,37205748,1,83,490,NULL,15,1,'MAILEN MARICEL','13',0,24,'',1,'LUNA'),(698,25978941,1,85,898,NULL,17,1,'PAULA VICTORIA','15',24,24,'COORDINADOR/RA',1,'LUNA'),(699,29704388,1,17,748,NULL,19,1,'SIRIA VERONICA','9',24,0,'',1,'ALVAREZ'),(700,39978312,1,48,429,NULL,19,1,'JULIAN ','9',40,0,'',1,'LUQUE'),(701,31393742,1,9,525,NULL,17,1,'MARIA FLORENCIA ','15',40,24,'COORDINADOR/RA',1,'MACCARONE '),(702,37845553,1,22,738,NULL,15,1,'MARIEL LORENA ','13',0,24,'',1,'MACHUCA'),(703,21923623,1,85,898,NULL,15,1,'ANDREA KARINA','13',0,24,'',1,'MACRI'),(704,26382848,1,26,537,NULL,21,1,'DIANA PAOLA','13',40,0,'',1,'MADARIAGA'),(705,31359109,1,49,693,NULL,17,1,'MARÍA LAURA','15',40,0,'COORDINADOR/RA',1,'MADARIETA '),(706,29949351,1,45,537,NULL,21,1,'NATALIA','9',36,0,'',1,'MAESTRE'),(707,32034428,2,51,871,NULL,6,1,'HECTOR JOSE','6',40,0,'',1,'MAFFI '),(708,27213783,1,28,537,NULL,21,1,'MERCEDES SOLEDAD','9',36,0,'',1,'MAGLIONI'),(709,17452493,1,85,898,NULL,16,1,'CARLOS JOSE','13',24,24,'',1,'MAGNONI'),(710,33980507,1,28,537,NULL,21,1,'LUCAS MARTIN','9',36,0,'',1,'MAIDANA'),(711,32912885,1,66,97,NULL,16,1,'LAURA','13',20,24,'',1,'MALAMUT'),(712,18843892,1,41,537,NULL,21,1,'ZULMA MARCELA','13',36,0,'',1,'MAMANI MAMANI'),(713,26887495,1,43,537,NULL,21,1,'MIGUEL ANGEL','13',36,0,'',1,'MAMANI  '),(714,39470240,1,43,537,NULL,21,1,'AYRTON JONATHAN','13',36,0,'',1,'MAMANI PEÑA'),(715,40808467,1,43,537,NULL,19,1,'JOEL ARY','9',36,0,'',1,'MAMANI PEÑA '),(716,37710837,2,51,871,NULL,6,1,'MATIAS GASTÓN','6',42,0,'',1,'MAMANI'),(717,21958382,2,18,389,NULL,0,1,'PABLO RICARDO','LO',0,0,'CONTADOR',1,'MANDON'),(718,33850370,2,11,766,NULL,3,1,'ATAHUALPA FACUNDO','11',40,0,'COORDINADOR/RA',1,'MANZINO '),(719,37245622,2,79,907,NULL,13,1,'SHEILA NAHIR','I - D ',36,0,'',1,'MANZUR '),(720,37102752,1,85,898,NULL,15,1,'CAMILA','13',0,24,'',1,'MARCIANESI'),(721,44963080,1,8,945,NULL,19,1,'JENNIFER SABRINA ','9',30,0,'',1,'MARECO PEREZ '),(722,93911187,1,45,537,NULL,21,1,'LAURA RAQUEL','13',36,0,'',1,'MARECOS VILLALBA'),(723,29383294,1,34,537,NULL,24,1,'DAIANA YANINA SOLEDAD','15',36,0,'COORDINADOR/RA',1,'MARIA'),(724,34485203,2,15,747,NULL,1,1,'MAGALI','6',40,0,'',1,'MARQUE'),(725,38238715,1,8,945,NULL,16,1,'NICOLAS EZEQUIEL','13',24,0,'',1,'MARRONE'),(726,34998745,1,8,945,NULL,19,1,'NAYLA','9',24,0,'',1,'MARTA'),(727,34391156,1,41,537,NULL,21,1,'PAOLA YANET','13',36,0,'',1,'MARTINEZ'),(728,36908815,2,53,1,NULL,25,1,'ERIKA ALDANA ','9',40,0,'',1,'MARTINEZ ARANA'),(729,33951242,1,65,165,NULL,19,1,'ELIZABETH SOLANGE','9',36,0,'',1,'MARTINEZ'),(730,94272180,2,51,871,NULL,6,1,'ESTEFANIA CONCEPCION','6',40,0,'',1,'MARTINEZ JARA'),(731,41433071,2,51,871,NULL,6,1,'MARLENE','6',40,0,'',1,'MARTINEZ JARA'),(732,34497962,1,65,165,NULL,19,1,'LUCIANA   ','9',30,0,'',1,'MARTINEZ'),(733,32940152,1,44,537,NULL,21,1,'MARIA DE LOS ANGELES','9',36,0,'',1,'MARTINEZ'),(734,24420711,1,62,822,NULL,13,1,'MARISA ALEJANDRA','5',36,0,'',1,'MARTINEZ JARA'),(735,32790510,1,9,525,NULL,16,1,'MONICA GLADYS ','13',36,0,'',1,'MARTINEZ '),(736,95605739,1,81,167,NULL,15,1,'VANESSA DEL CARMEN','13',0,12,'',1,'MARTINEZ PERALTA'),(737,11091583,1,47,1092,NULL,16,1,'MARIA DEL CARMEN','13',24,0,'',1,'MARTINEZ PEREA'),(738,26846312,1,22,1092,NULL,17,1,'MARIA BELEN','21',48,0,'JEFE/A',1,'MARTINEZ VICENTE'),(739,35949812,1,66,97,NULL,15,1,'JOAQUIN','13',0,24,'',1,'MASIUK '),(740,35400152,1,62,822,NULL,16,1,'CARLA YAMILA ','13',12,0,'',1,'MASKEVICH'),(741,36213113,1,81,167,NULL,15,1,'FABRICIO GABRIEL ','13',0,24,'',1,'MASSACCESI'),(742,39852914,2,60,378,NULL,10,1,'MAITEN AINARA','I-D',40,0,'',1,'MATRELO'),(743,25883599,1,9,525,NULL,16,1,'MARCOS ALBERTO','13',36,12,'',1,'MATTALIA '),(744,30628685,1,85,898,NULL,17,1,'CLARISA','15',36,0,'COORDINADOR/RA',1,'MATUTE'),(745,32362530,1,47,1092,NULL,16,1,'MARTIN SEBASTIAN','III-A',36,0,'',1,'MAUAD'),(746,26758501,1,66,97,NULL,15,1,'MARIA LAUQUEN','13',0,24,'',1,'MAURICIO'),(747,32255438,2,15,389,NULL,3,1,'LUIS ALBERTO','18',40,0,'JEFE/A',1,'MAYDUP'),(748,31381276,1,17,748,NULL,17,1,'GONZALO MATIAS','18',40,0,'JEFE/A',1,'MECHURA'),(749,33571074,1,83,490,NULL,15,1,'GABRIELA MAGALI','13',0,24,'',1,'MEDINA'),(750,30053153,1,37,537,NULL,24,1,'JUAN MATIAS','15',36,0,'COORDINADOR/RA',1,'MEDINA'),(751,27483772,1,85,898,NULL,15,1,'JULIA  ','13',0,24,'',1,'MEDINA'),(752,29557333,1,41,537,NULL,21,1,'LETICIA PAOLA','13',36,0,'',1,'MEDINA'),(753,29072668,1,41,537,NULL,21,1,'MARÍA ANGÉLICA ','III-A',36,0,'',1,'MEDINA'),(754,94177083,1,43,537,NULL,21,1,'VILMA','13',36,0,'',1,'MEDINA'),(755,37274345,1,61,934,NULL,15,1,'IVAN','13',0,24,'',1,'MEILERMAN'),(756,34670872,1,40,537,NULL,21,1,'BLANCA DE LOS MILAGROS','13',36,0,'',1,'MENA'),(757,34749576,1,42,537,NULL,21,1,'ANTONELLA','9',36,0,'',1,'MENDEZ'),(758,25070593,1,62,822,NULL,19,1,'JULIETA MICAELA ','II-A',0,0,'',1,'MENDEZ'),(759,32030539,1,43,537,NULL,21,1,'ROMINA ELIANA','13',36,0,'',1,'MENDEZ'),(760,25037186,1,44,537,NULL,21,1,'SERGIO DANIEL','9',36,0,'',1,'MENDEZ '),(761,94603850,2,88,0,NULL,9,1,'ESMILCE PAOLA','II-A',40,0,'',1,'MENDOZA AGÜERO'),(762,32009255,1,17,748,NULL,19,1,'SILVINA ALEJANDRA','9',24,0,'',1,'MENDOZA LOANA'),(763,37561673,1,105,1092,NULL,19,1,'WILSON DAVID','II-A',24,0,'',1,'MENDOZA '),(764,32258179,1,47,1092,NULL,16,1,'EMILIANO','13',24,0,'',1,'MENNA'),(765,33418747,1,109,1092,NULL,16,1,'LEILA YAMILA ','13',48,0,'',1,'MENTA'),(766,28990525,2,11,389,NULL,3,1,'LUCAS MATIAS','18',40,0,'JEFE/A',1,'MERCAPIDE'),(767,34321222,1,47,1092,NULL,16,1,'JULIÁN MARIANO ','13',24,0,'NEUMONOLOGO',1,'MERELES '),(768,30981919,1,17,748,NULL,19,1,'ERICA EDITH','9',24,0,'',1,'MERINO'),(769,32312524,1,55,411,NULL,16,1,'CECILIA RAQUEL ','III-A',36,0,'',1,'MICELI '),(770,41952480,2,52,467,NULL,0,1,'MILAGROS','III-A',40,0,'',1,'MIGUENZ'),(771,32663500,1,24,537,NULL,21,1,'MARTA ESPERANZA','13',36,0,'',1,'MIGUEZ'),(772,39331609,1,44,537,NULL,21,1,'KAREN ELIZABETH ','9',36,0,'',1,'MILLER'),(773,37280883,1,109,1092,NULL,0,1,'FLORENCIA BELEN ','0',0,12,'',1,'MILORO'),(774,21071780,1,47,1092,NULL,16,1,'MARÍA DE LOS ÁNEGELES ','13',36,0,'',1,'MINATEL '),(775,33900585,1,41,537,NULL,21,1,'CINTIA VANESA','13',36,0,'',1,'MIÑO'),(776,27068384,1,49,693,NULL,19,1,'ESTELA ELENA','9',40,0,'',1,'MIOTTO'),(777,29574566,1,44,537,NULL,21,1,'ALEJANDRA DANIELA','13',36,0,'',1,'MIRANDA'),(778,30557630,1,85,898,NULL,17,1,'NOELIA SOLEDAD','15',36,24,'COORDINADOR/RA',1,'MIRANDA'),(779,33282328,1,22,738,NULL,17,1,'SABRINA','15',36,0,'COORDINADOR/RA',1,'MAGLIANI'),(780,33524293,1,20,1092,NULL,17,1,'FRANCISCO','15',40,0,'COORDINADOR/RA',1,'MOIONI'),(781,33807380,1,62,822,NULL,16,1,'ANTONELA PAOLA','13',34,24,'',1,'MOLFESE'),(782,33465572,1,44,537,NULL,21,1,'ANDREA KARINA','13',36,0,'',1,'MOLINA '),(783,33017672,1,39,537,NULL,21,1,'MARIANO FRANCISCO','9',36,0,'',1,'MOLINA'),(784,29799777,1,81,167,NULL,15,1,'MARIELA ALICIA','13',0,24,'',1,'MOLINA'),(785,39847023,1,43,537,NULL,21,1,'MACARENA AYLEN','II-A',36,0,'',1,'MOLINARES'),(786,28488498,1,43,537,NULL,21,1,'NATALIA ANDREA','III-A',36,0,'',1,'MOLINARI'),(787,93642808,1,42,537,NULL,21,1,'RUTH YESICA','9',36,0,'',1,'MOLLO COPA'),(788,28284493,1,17,748,NULL,19,1,'ADRIANA VALERIA','9',24,0,'',1,'MONJE '),(789,27387551,1,81,167,NULL,15,1,'ERNESTO GERMAN','13',0,12,'',1,'MONTEAGUDO'),(790,36574569,2,72,390,NULL,2,1,'JULIETA SOLEDAD','13',48,0,'',1,'MONTEAGUDO'),(791,31937872,1,62,822,NULL,19,1,'CINTIA ROMINA','9',30,0,'',1,'MONTIEL '),(792,95669830,1,81,167,NULL,15,1,'ERNESTO JESUS','13',0,24,'',1,'MONTEL NUÑEZ'),(793,95807456,2,51,871,NULL,7,1,'SAMIR ENRIQUE','III-G',48,0,'',1,'MONTILLA '),(794,34731153,1,43,537,NULL,21,1,'FRANCISCO RAFAEL','9',36,0,'',1,'MONZON'),(795,94429000,1,81,167,NULL,15,1,'MILTON','13',0,24,'',1,'MONZON MIRANDA '),(796,27208794,1,22,738,NULL,15,1,'ALDO WALTER','13',0,24,'',1,'MONZON MOLINAS'),(797,36218365,1,45,537,NULL,21,1,'SILVIA ALEJANDRA','9',36,0,'',1,'MONZON '),(798,32890618,1,26,537,NULL,21,1,'FERNANDO ARTURO','13',40,0,'',1,'MORALES'),(799,26463802,1,28,537,NULL,21,1,'LORENA VERONICA','9',40,0,'',1,'MORANTE '),(800,23974792,2,50,389,NULL,3,1,'NELLY ANGELA','18',40,0,'JEFE/A',1,'MOREL'),(801,29726503,1,28,537,NULL,21,1,'LORENA PAOLA','13',36,0,'',1,'MOREYRA'),(802,44300882,2,51,871,NULL,6,1,'FRANCISCO TOBIAS','I-D',40,0,'',1,'MORFESE'),(803,16761252,2,56,0,NULL,3,1,'LILIAN ','III-G',36,0,'COORDINADORA',1,'MORICONI'),(804,33515463,1,28,537,NULL,21,1,'GERMAN ESTEBAN','13',36,0,'',1,'MORIENEGA'),(805,36075533,1,42,537,NULL,21,1,'ENZO EMANUEL','9',36,0,'',1,'MORIENEGA'),(806,95919350,1,73,371,NULL,15,1,'HECTOR WLADIMIR','13',0,12,'',1,'MORILLO GONZALEZ'),(807,38396717,1,61,934,NULL,16,1,'PABLO MARTIN','13',0,0,'',1,'MORLINI'),(808,31174764,1,67,961,NULL,16,1,'FELIX ARIEL ','13',40,0,'',1,'MORON '),(809,30305010,1,68,423,NULL,16,1,'ANDREA VANESA','13',40,0,'',1,'MORSUCCI'),(810,24930153,1,62,822,NULL,15,1,'CRISTINA NATALIA','13',0,24,'',1,'MORVILLO'),(811,36067013,1,49,693,NULL,19,1,'MARIANA MELANY','II-A',40,0,'',1,'MOTILKA'),(812,38863169,1,62,822,NULL,19,1,'JULIANA','9',42,0,'',1,'MOYA'),(813,30984355,1,85,898,NULL,16,1,'DAIANA SALOME ','13',36,0,'',1,'MUÑOZ '),(814,38097836,1,42,537,NULL,21,1,'JESICA GABRIELA','13',36,0,'',1,'MUÑOZ'),(815,17502078,2,14,0,NULL,3,1,'PEDRO GUSTAVO','15',24,0,'COORDINADOR/RA',1,'MUÑOZ'),(816,23485042,2,108,0,NULL,3,1,'CAROLA EUGENIA','III-G',48,0,'',1,'MUSETTI'),(817,27815621,1,73,371,NULL,15,1,'ADRIANA ELENA','13',0,12,'',1,'MUZIO'),(818,16895531,1,17,748,NULL,17,1,'GUSTAVO','15',48,0,'COORDINADOR/RA',1,'MYSLER'),(819,31662880,1,67,961,NULL,16,1,'DEBORA VANESA','13',24,0,'',1,'NADUR'),(820,36091004,1,61,934,NULL,15,1,'VIRGINIA   ','13',0,24,'',1,'NATURA'),(821,32576504,1,83,490,NULL,15,1,'YANINA SOLEDAD','13',0,24,'',1,'NATURA '),(822,17666602,1,62,1092,NULL,0,1,'MARIA LAURA','21',48,0,'JEFE/A',1,'NEGRO'),(823,29997649,1,87,1052,NULL,16,1,'GONZALO ','13',24,0,'',1,'NEVADO BENZI '),(824,35228673,2,59,1035,NULL,11,1,'PEDRO GABRIEL','11',48,0,'RESPONSABLE',1,'NICOLA'),(825,14105012,2,71,259,NULL,7,1,'NELIDA ANGELICA','11',40,0,'COORDINADOR/RA',1,'NIETO   '),(826,38458736,1,44,537,NULL,21,1,'MARIANELA ELIANA ','9',36,0,'',1,'NIZ'),(827,28171678,1,67,961,NULL,17,1,'ALBERTO MARTIN','15',40,0,'COORDINADOR/RA',1,'NOCERA'),(828,33419774,1,81,1103,NULL,17,1,'DIEGO SEBASTIAN ','III-G',48,0,'',1,'NOVIELLI '),(829,33606550,1,48,429,NULL,19,1,'DANIEL EDUARDO','9',36,0,'',1,'NOVO'),(830,36167629,1,61,934,NULL,16,1,'ANA CLARA','13',24,24,'',1,'NUNES'),(831,27023736,1,110,167,NULL,16,1,'SERGIO RICARDO','0',0,0,'',1,'NUNES DA CRUUZ'),(832,33991509,2,51,871,NULL,9,1,'GISELE YANINA','9',40,0,'',1,'NUÑEZ ARECO'),(833,32905710,1,49,693,NULL,19,1,'DAIANA ROSALBA TAMARA','9',40,0,'',1,'NUÑEZ'),(834,31937257,1,26,537,NULL,21,1,'GISELLE ESTHER','13',36,0,'',1,'NUÑEZ '),(835,24874345,1,42,537,NULL,21,1,'LAURA LORENA','13',36,0,'',1,'NUÑEZ'),(836,36082745,1,28,537,NULL,21,1,'MARCELA','9',36,0,'',1,'NUÑEZ'),(837,30948660,1,9,525,NULL,16,1,'JUAN VICTOR','13',42,0,'',1,'OCAMPO DE LA CRUZ'),(838,30013679,1,76,1042,NULL,16,1,'MARIAM CELINA ','13',48,0,'',1,'OCHOA '),(839,33171933,1,66,97,NULL,15,1,'MARIA PAULA','13',0,24,'',1,'ODDI'),(840,23830935,1,28,537,NULL,21,1,'MARIA ESTELA','13',36,0,'',1,'OJEDA'),(841,34854977,1,81,167,NULL,15,1,'FEDERICO JESÚS ','13',0,24,'',1,'OLGIATI'),(842,40655337,1,44,537,NULL,21,1,'BETIANA GABRIELA','9',36,0,'',1,'OLIVEIRA SALAZAR'),(843,30575742,1,109,620,NULL,0,1,'CRISTIAN FERNANDO','III-A',48,0,'',1,'OLIVERA'),(844,41137823,2,51,871,NULL,6,1,'FACUNDO FEDERICO ','6',40,0,'',1,'OLIVERA '),(845,35539586,2,58,303,NULL,25,1,'HERNAN EZEQUIEL','9',40,0,'',1,'OLIVERA'),(846,20543327,1,105,1092,NULL,17,1,'PABLO GUSTAVO','15',48,0,'COORDINACION',1,'OLMEDO '),(847,39106643,1,42,537,NULL,21,1,'FLORENCIA JAZMIN','9',36,0,'',1,'OLMEDO YAHARI'),(848,36696076,1,25,537,NULL,21,1,'LEANDRO MAURICIO','13',36,0,'',1,'OLMEDO YAHARI'),(849,28565419,2,51,871,NULL,6,1,'FEDERICO SANTIAGO ','6',40,0,'',1,'OLMOS'),(850,20028118,1,7,1103,NULL,17,1,'MARIA YAMILA','15',36,0,'COORDINADOR/RA',1,'OPPIZZI'),(851,33246361,1,61,934,NULL,16,1,'JUAN ALBERTO','13',40,0,'',1,'ORIANAS'),(852,35837069,1,85,898,NULL,15,1,'ROCIO  ','13',0,24,'',1,'ORELLANA IRIGOITIA'),(853,14250243,2,71,259,NULL,9,1,'NOEMI ESTHER','9',40,0,'',1,'ORELLANO'),(854,27822097,2,52,467,NULL,3,1,'VALERIA INES','11',48,0,'COORDINADOR/RA',1,'OROÑO'),(855,23268279,1,43,537,NULL,21,1,'KARINA ELIZABETH','9',36,0,'',1,'OROSCO'),(856,32326547,1,28,537,NULL,24,1,'MARIA FERNANDA','15',36,0,'COORDINADOR/RA',1,'OROZ '),(857,13276029,1,47,1092,NULL,17,1,'JUAN CARLOS','15',40,0,'COORDINADOR/RA',1,'ORTEGA'),(858,95447768,1,81,167,NULL,15,1,'GUSTAVO ALBERTO','13',0,24,'',1,'OTERO BOLAÑOS'),(859,20555230,1,45,537,NULL,21,1,'MARIA ALEJANDRA','13',36,0,'',1,'OYHENART'),(860,31284063,1,44,537,NULL,21,1,'NATALIA','13',36,0,'',1,'OYOLA PEÑA '),(861,35158608,1,49,693,NULL,19,1,'ALFONSINA ANABELA','9',36,0,'',1,'PACE'),(862,41129161,1,65,165,NULL,19,1,'CLARA SOL','9',30,0,'',1,'PACHECO'),(863,38610238,1,45,537,NULL,21,1,'KAREN','9',36,0,'',1,'PACHECO'),(864,36822479,2,58,303,NULL,25,1,'JUAN PABLO','9',40,0,'',1,'PACHECO SUAREZ'),(865,24788992,1,28,537,NULL,21,1,'ALEJANDRA LILIA','9',36,0,'',1,'PAEZ '),(866,38634855,2,51,871,NULL,9,1,'MELANY DAMIELA GISELLE','9',40,0,'',1,'PAEZ'),(867,34334173,1,28,537,NULL,21,1,'NOEMI ALEJANDRA','9',36,0,'',1,'PAIROUX'),(868,30593395,1,44,537,NULL,21,1,'MIGUEL','9',36,0,'',1,'PALAVECINO'),(869,35591395,0,61,934,NULL,0,1,'ROBERTO VALENTÍN','0',0,0,'',1,'PALLARO'),(870,40712509,1,26,537,NULL,21,1,'ESTER YESICA','13',40,0,'',1,'PANIAGUA'),(871,20503307,2,51,871,NULL,7,1,'PAULA ELIZABETH','15',48,0,'COORDINADOR/RA',1,'PAÑIAGUA'),(872,35350965,1,109,0,NULL,15,1,'JULIETA','III-A',0,12,'',1,'PARDON '),(873,30912389,1,87,1052,NULL,16,1,'LEONEL','13',30,0,'',1,'PARRA '),(874,35130869,1,47,1092,NULL,16,1,'AGUSTIN','13',24,0,'',1,'PASCUAL'),(875,16462700,2,6,259,NULL,7,1,'GUSTAVO ALBERTO','15',48,0,'COORDINADOR/RA',1,'PASCUAS '),(876,36936315,2,19,455,NULL,22,1,'JOAQUIN FEDERICO','13',40,0,'',1,'PASCUAS '),(877,35325803,1,61,934,NULL,16,1,'AGOSTINA INES','13',24,0,'',1,'PASQUALI'),(878,33860478,2,57,619,NULL,9,1,'GERMAN IGNACIO','9',42,0,'',1,'PAUL'),(879,40816605,2,54,311,NULL,8,1,'LUCIA ','13',40,0,'',1,'PAUTASSO'),(880,95316136,1,81,167,NULL,15,1,'DAYLIN','13',0,24,'',1,'PAVIA CONDORY'),(881,31407065,1,105,0,NULL,16,1,'HERNAN ','III-A',48,0,'',1,'PAVLOVSKY  '),(882,33203932,1,109,620,NULL,15,1,'EZEQUIEL ','III-A',0,12,'',1,'PAZ'),(883,36522512,1,7,1103,NULL,19,1,'NATALIA SOLEDAD','9',40,0,'',1,'PAZ'),(884,36212471,1,30,537,NULL,24,1,'YESICA SUSANA','15',36,0,'COORDINADOR/RA',1,'PAZ'),(885,33018426,2,59,824,NULL,11,1,'SERGIO EMMANUEL','11',40,0,'COORDINADOR/RA',1,'PECOCHE'),(886,38253917,1,61,934,NULL,16,1,'LUCAS ALEJANDRO ','13',36,0,'',1,'PENEL '),(887,35066774,1,61,934,NULL,15,1,'NICOLAS ALBERTO','13',0,24,'',1,'PENEL '),(888,35066136,1,41,537,NULL,21,1,'ALEJANDRINA AMELIA','9',36,0,'',1,'PENNA'),(889,30490116,2,59,824,NULL,25,1,'LORENA JAQUELINE','9',40,0,'',1,'PEÑALOZA'),(890,32305840,1,105,1092,NULL,16,1,'FRANCISCO','III-A',24,0,'',1,'PERALTA BAZAN'),(891,95801519,1,81,167,NULL,15,1,'MARIA LAURA ','13',0,24,'',1,'PERDOMO DE FRANQUIZ '),(892,30620600,2,52,467,NULL,1,1,'FABIANA ANALIA','6',40,0,'',1,'PEREIRA'),(893,25022503,1,43,537,NULL,21,1,'ANGELA BEATRIZ','9',36,0,'',1,'PEREYRA'),(894,32303536,2,11,766,NULL,1,1,'MARTIN NAPOLEON','6',40,0,'',1,'PEREYRA'),(895,29584954,1,44,537,NULL,21,1,'PAOLA VERONICA','9',36,0,'',1,'PEREYRA'),(896,36614722,2,106,303,NULL,0,1,'JAVIER ORLANDO ','III-A',40,0,'',1,'PEREZ '),(897,23921905,1,28,537,NULL,21,1,'MARCELA ALEJANDRA','13',36,0,'',1,'PEREZ'),(898,23469359,1,85,1092,NULL,17,1,'MARIA LUJAN','18',40,0,'JEFE/A',1,'PEREZ'),(899,27634649,1,61,934,NULL,15,1,'MARTIN ENRIQUE','13',0,24,'',1,'PEREZ TEVES'),(900,36398834,1,68,423,NULL,16,1,'MICAELA','13',40,0,'',1,'PERROTA'),(901,26708381,1,85,898,NULL,15,1,'NATALIA','13',0,24,'',1,'PESAVENTO'),(902,35334283,1,73,371,NULL,16,1,'LUDMILA SOLEDAD','13',0,0,'',1,'PESCI'),(903,34151967,2,72,390,NULL,3,1,'CELESTE LUDMINA','16',30,0,'-',1,'PETRACA'),(904,22863314,2,4,493,NULL,8,1,'JAVIER FERNANDO','13',40,0,'',1,'PETROMILLI'),(905,44005993,1,67,961,NULL,19,1,'LEILA VERONICA ','II-A',36,0,'',1,'PICCO ANADON'),(906,33347712,1,76,1092,NULL,17,1,'LORENA PAOLA','15',48,0,'COORDINADOR/RA',1,'PICERNO '),(907,30926936,1,79,1092,NULL,17,1,'MARIA CELESTE','18',36,0,'JEFE/A',1,'PIERVINCENZI'),(908,31980767,1,41,537,NULL,24,1,'YESICA ANDREA','11',36,0,'COORDINADOR/RA',1,'PINTOS'),(909,42497088,2,51,871,NULL,6,1,'MATIAS EZEQUIEL','6',40,0,'',1,'PIÑERO'),(910,92294908,2,60,378,NULL,11,1,'JULIO ERNESTO','11',40,0,'COORDINADOR/RA',1,'POLI CHADIRJIAN'),(911,30465619,1,66,97,NULL,16,1,'CECILIA ELISABETH','13',0,0,'',1,'PIOVOSO'),(912,37582132,1,73,371,NULL,15,1,'TAMARA SABRINA ','13',0,24,'',1,'PIRRONITTO '),(913,32643703,1,17,748,NULL,16,1,'MARIA DE LOS ANGELES','III-A',36,0,'',1,'PISANO'),(914,95833528,0,9,525,NULL,0,1,'IRMARY MACARENA','0',0,0,'',1,'PITALUA NOGUERA'),(915,30925029,1,17,748,NULL,15,1,'DENISE ELIANA','III-A',0,24,'',1,'PIZARRO'),(916,32792823,1,28,537,NULL,21,1,'CARLOS DAVID','9',36,0,'',1,'PNIEWSKI '),(917,39871761,1,8,945,NULL,16,1,'ENZO NICOLAS ','13',36,0,'',1,'PODESTA'),(918,20047178,1,61,934,NULL,17,1,'GERARDO DANIEL','15',48,0,'COORDINADOR/RA',1,'POGGIOLI'),(919,38660735,2,58,303,NULL,25,1,'ALEX RODRIGO','9',40,0,'',1,'POMA AJHUACHO'),(920,40833330,1,44,537,NULL,21,1,'ELIAS ABEL','9',36,0,'',1,'PONCE'),(921,37556841,1,28,537,NULL,21,1,'PAMELA','9',36,0,'',1,'PONCE'),(922,38062069,1,42,537,NULL,21,1,'EVELIN ROCIO','9',36,0,'',1,'PORCIEL'),(923,31348711,1,32,537,NULL,24,1,'ANALIA','11',36,0,'COORDINADOR/RA',1,'PORRAS'),(924,32422728,1,61,934,NULL,15,1,'ROCIO SOLEDAD','13',0,24,'',1,'PORRAS CASAS'),(925,38673308,2,15,747,NULL,3,1,'MARIELA AGUSTINA','11',40,0,'COORDINADOR/RA',1,'POUSA'),(926,34308592,1,22,738,NULL,16,1,'PABLO ALFREDO ','13',36,0,'',1,'PRADO '),(927,45031333,2,51,871,NULL,6,1,'OWEN ITHIEL ','6',40,0,'',1,'PRATTI RUIDIAZ '),(928,24530583,2,18,389,NULL,2,1,'SANTIAGO ARIEL','13',36,0,'',1,'PRINCIPE'),(929,36525960,1,65,165,NULL,16,1,'AGOSTINA DANIELA','III-A',30,0,'',1,'PROH'),(930,38426711,1,65,165,NULL,19,1,'MARCOS GASTON','9',40,0,'',1,'PROH'),(931,21072228,1,65,165,NULL,19,1,'ADRIANA MARCELA','II-A',36,0,'',1,'PUCCIA'),(932,42014137,1,8,945,NULL,19,1,'CELESTE ','9',30,0,'',1,'PUCCIO'),(933,30909377,1,46,537,NULL,21,1,'ANA MARIA','13',36,0,'',1,'PUENTES '),(934,32576541,1,61,1092,NULL,17,1,'FEDERICO ROBERTO','18',40,0,'JEFE/A',1,'PUZZO'),(935,26849558,1,41,537,NULL,21,1,'ZULMA SOLEDAD','13',36,0,'',1,'QUINTANA'),(936,23953702,1,28,537,NULL,21,1,'CLAUDIA MARCELA','9',36,0,'',1,'QUIPILDOR'),(937,30870339,1,85,898,NULL,16,1,'FACUNDO MATIAS ','13',24,24,'',1,'QUIROGA '),(938,35214464,1,28,537,NULL,21,1,'NANCY ELIANA','9',36,0,'',1,'QUIROGA'),(939,32244916,2,18,389,NULL,3,1,'GABRIEL','15',40,0,'COORDINADOR/RA',1,'QUIROZ'),(940,35216920,1,35,537,NULL,24,1,' ALEJANDRO MARTIN','15',36,0,'COORDINADOR/RA',1,'QUISPE'),(941,19072795,1,41,537,NULL,21,1,'SANDRA FLORA ','13',36,0,'',1,'QUISPE MARTINEZ '),(942,30341276,1,17,748,NULL,16,1,'MARIANO','13',12,24,'',1,'RABBIOSI'),(943,37339763,0,9,525,NULL,0,1,'MACARENA SILVINA ','0',0,0,'',1,'RACITI'),(944,36778461,1,47,0,NULL,16,1,'GUILLERMO NICLAS','III-A',36,0,'',1,'RADIN'),(945,24314533,1,8,1092,NULL,17,1,'DIEGO  ','18',40,0,'JEFE/A',1,'RADRIZZANI'),(946,26426812,2,19,455,NULL,23,1,'MARIA EVELIA','15',48,0,'COORDINADOR/RA',1,'RAGGI'),(947,35352711,2,49,693,NULL,13,1,'GISELA ','6',40,0,'',1,'RAMIREZ '),(948,36927952,1,42,537,NULL,21,1,'SANDRA LUCRECIA','13',36,0,'',1,'RAMIREZ   '),(949,20057839,1,46,537,NULL,21,1,'MARCELA BEATRIZ','13',36,0,'',1,'RAMIREZ'),(950,27719122,1,43,537,NULL,21,1,'CONTIA GRACIELA','13',36,0,'',1,'RAMOS'),(951,35993839,1,43,537,NULL,21,1,'ERIKA','9',36,0,'',1,'RAMOS'),(952,25956938,1,41,537,NULL,21,1,'OLGA MABEL ','13',36,0,'',1,'RAMOS '),(953,36213180,1,47,1092,NULL,16,1,'ALAN JUAN','III-A',24,0,'',1,'RASCHIA'),(954,21022833,1,81,167,NULL,16,1,'CRISTIAN DANIEL','13',36,12,'',1,'RASENTE'),(955,32851701,1,90,0,NULL,16,1,'CECILIA IRENE ','III - A ',36,0,'',1,'RAZETO'),(956,29422213,2,13,0,NULL,0,1,'MARÍA LAURA','21',48,0,'CONSEJERA/O',1,'REALE'),(957,35485689,1,41,537,NULL,21,1,'NATALIA DE LOS ANGELES','II-A',36,0,'',1,'REARTE '),(958,39628920,1,83,490,NULL,15,1,'ULISES EZEQUIEL ','13',0,24,'',1,'REBELO '),(959,35270087,1,73,371,NULL,15,1,'MICAELA COYAM','13',0,24,'',1,'REBON '),(960,35357456,1,67,1092,NULL,0,1,'ALEJANDRA GRISEL','II-A',36,0,'',1,'RECHE '),(961,27288449,1,67,1092,NULL,17,1,'DIEGO NICOLAS','18',40,0,'JEFE/A',1,'RELLAN LANDEIRA'),(962,28994284,1,47,583,NULL,19,1,'MARA YANINA','9',48,0,'',1,'RESQUIN'),(963,30929215,1,43,537,NULL,21,1,'MONICA LORENA ','9',36,0,'',1,'RETAMOZO'),(964,95902707,1,66,97,NULL,15,1,'GERALDINE COROMOTO','13',0,24,'',1,'REVEROL RAMIREZ'),(965,36212353,1,17,748,NULL,19,1,'LUISINA ANTONELLA','9',24,0,'',1,'REYES'),(966,39642034,2,49,693,NULL,13,1,'EVELYN LUJAN','6',40,0,'',1,'REYNOSO'),(967,24773126,1,42,537,NULL,21,1,'HERNAN ESTEBAN','9',36,0,'',1,'REYNOSO'),(968,16937787,2,13,0,NULL,3,1,'LAURA FABIANA','17',48,0,'ASESOR/RA',1,'RIAL'),(969,30341274,1,28,537,NULL,21,1,'MARIANA','13',36,0,'',1,'RIBEIRO'),(970,34812954,1,100,537,NULL,21,1,'SABRINA DESIREE','II-A',36,0,'',1,'RICCHETTI'),(971,35761990,1,61,934,NULL,15,1,'CANDELA   ','13',0,24,'',1,'RIMOLDI '),(972,32912985,1,49,693,NULL,17,1,'CAMILA','15',36,0,'COORDINADOR/RA',1,'RIOS'),(973,27023466,1,105,0,NULL,15,1,'DIEGO','III-A',0,12,'',1,'RIOS'),(974,31113669,1,69,220,NULL,16,1,'MARTIN JULIAN','13',12,24,'',1,'RIOS'),(975,28099657,2,50,800,NULL,3,1,'ERICA VANESA','13',40,0,'',1,'RIVA'),(976,25680804,1,43,537,NULL,21,1,'GARIELA','13',36,0,'',1,'RIVERO'),(977,40635994,1,100,537,NULL,21,1,'LEONELA RUTH','III-A ',36,0,'ENFERMERA',1,'RIVERO'),(978,30482718,1,17,748,NULL,16,1,'GONZALO ANDRES','13',24,0,'',1,'ROBAINA'),(979,33899498,1,43,537,NULL,21,1,'MATIAS NICOLAS','9',36,0,'',1,'ROBLEDO'),(980,32151098,1,41,537,NULL,21,1,'EVA MARINA BELÉN ','II-A',36,0,'',1,'ROBLES '),(981,31617420,1,66,97,NULL,17,1,'ROMINA PAOLA','15',36,0,'COORDINADOR/RA',1,'RODA'),(982,25476770,1,49,693,NULL,16,1,'MARCELA ','III-A ',40,0,'',1,'RODO '),(983,40929017,1,8,945,NULL,19,1,'PILAR ','9',30,0,'',1,'RODOI NOVARESE'),(984,27441211,1,44,537,NULL,21,1,'ADRIANA PAOLA','13',36,0,'',1,'RODRIGUEZ'),(985,32337301,1,8,945,NULL,16,1,'ALEJANDRA LILIANA','13',24,0,'',1,'RODRIGUEZ'),(986,28783391,2,57,619,NULL,1,1,'MATIAS ESTEBAN','I-D',40,0,'',1,'RODRIGUEZ ALMADA '),(987,31936499,1,66,97,NULL,15,1,'ERICA ELIZABETH','13',0,24,'',1,'RODRIGUEZ BACA'),(988,21553556,1,25,537,NULL,21,1,'CESAR','13',36,0,'',1,'RODRIGUEZ'),(989,37342410,1,79,907,NULL,16,1,'DAIANA GISELE','13',36,0,'',1,'RODRIGUEZ'),(990,30914434,1,17,748,NULL,19,1,'ESTEFANIA SOLEDAD','9',24,0,'',1,'RODRIGUEZ'),(991,26863823,1,28,537,NULL,21,1,'LILIANA MICAELA','13',36,0,'',1,'RODRIGUEZ '),(992,27724735,1,46,537,NULL,21,1,'LORENA ELIZABETH','13',36,0,'',1,'RODRIGUEZ'),(993,33263666,1,44,537,NULL,21,1,'MARCELA Elizabeth ','13',36,0,'',1,'RODRIGUEZ'),(994,28369068,1,83,490,NULL,15,1,'LEANDRO','13',0,24,'',1,'RODRIGUEZ'),(995,95748244,2,72,390,NULL,1,1,'YILEIDY JOSEFINA','6',40,0,'',1,'RODRIGUEZ RAMOS '),(996,25299375,1,41,537,NULL,21,1,'VERONICA VANESA','13',36,0,'',1,'RODRIGUEZ '),(997,31753264,1,62,822,NULL,16,1,'VICTOR EZEQUIEL','13',18,24,'',1,'RODRIGUEZ'),(998,17873683,0,103,0,NULL,0,1,'VIVIANA ANDREA','LO',0,0,'ASESOR/RA',1,'RODRIGUEZ'),(999,37390938,1,44,537,NULL,21,1,'ARIANA EVELIN','13',36,0,'',1,'ROJAS'),(1000,24838313,1,17,748,NULL,19,1,'MARIA ALEJANDRA','11',24,0,'COORDINADOR/RA',1,'ROJAS'),(1001,27847612,1,43,537,NULL,21,1,'MARIANO GASTON','13',36,0,'',1,'ROLDAN  '),(1002,37378202,1,48,429,NULL,19,1,'MELANY BELÉN','9',40,0,'',1,'ROLDAN'),(1003,39164872,1,43,537,NULL,21,1,'CECILIA LUJÁN ','9',36,0,'',1,'ROLDAN OJEDA'),(1004,35725012,1,48,429,NULL,19,1,'VERONICA CECILIA','II- A ',40,0,'',1,'ROLDAN'),(1005,25895856,1,83,490,NULL,15,1,'ALEJANDRA GABRIELA','13',0,36,'',1,'ROMAGNOLI'),(1006,95611055,1,81,167,NULL,15,1,'ERNIE','13',0,24,'',1,'ROMAN DELGADILLO'),(1007,26631471,1,33,537,NULL,24,1,'FANNY ELIZABETH','11',36,0,'COORDINADOR/RA',1,'ROMANO'),(1008,41882142,2,49,693,NULL,13,1,'FRANCO GABRIEL','6',40,0,'',1,'ROMERO   '),(1009,95517724,1,81,167,NULL,15,1,'DARWIN','13',0,24,'',1,'ROMERO PINTO '),(1010,92854563,1,101,537,NULL,21,1,'ERICK JOSE ','II - A ',36,0,'',1,'ROMERO QUISPE'),(1011,21772417,1,30,537,NULL,24,1,'NOEMI RENEE  ','15',36,0,'COORDINADOR/RA',1,'ROSELLO'),(1012,29433820,2,60,378,NULL,10,1,'ADRIAN ANDRES','8',42,0,'CHOFER DE AMBULANCIA ',1,'ROSETTI'),(1013,41071406,1,28,537,NULL,21,1,'CAMILA','9',36,0,'',1,'ROSSINI'),(1014,92783733,1,44,537,NULL,21,1,'NOELIA JOANA','9',36,0,'',1,'ROVIRA RODRIGUEZ'),(1015,32669622,1,20,1092,NULL,15,1,'LEONIDAS','13',0,12,'',1,'RUARTE'),(1016,23966325,1,9,525,NULL,16,1,'MARIANO','13',36,12,'',1,'RUBIO'),(1017,21832373,1,61,934,NULL,15,1,'JULIETA INES','0',0,24,'',1,'RUFFOLO'),(1018,26836693,1,83,490,NULL,15,1,'CAROLINA','13',0,24,'',1,'RUGERONI'),(1019,26123329,1,22,738,NULL,15,1,'LILIANA GRISELDA','13',0,24,'',1,'RUIZ'),(1020,33524259,1,28,537,NULL,21,1,'ROMINA SOLEDAD','9',36,0,'',1,'RUIZ   '),(1021,38069390,2,15,747,NULL,2,1,'AMELIA','13',40,0,'',1,'RUSSO'),(1022,27534869,1,9,525,NULL,15,1,'NATALIA DEL LUJAN','13',0,24,'',1,'RUSSO'),(1023,31925996,1,69,220,NULL,16,1,'ANDRES','13',12,24,'',1,'RYAN'),(1024,29563709,1,43,537,NULL,21,1,'ROCIO TANIA','9',36,0,'',1,'SAAVEDRA'),(1025,38894056,1,43,537,NULL,21,1,'TALIA MELINA','9',36,0,'',1,'SAAVEDRA'),(1026,36927672,2,15,747,NULL,1,1,'FLORENCIA ARACELI','6',40,0,'',1,'SABATHIE '),(1027,38671140,0,9,525,NULL,0,1,'SOLEDAD AYELEN','0',0,0,'',1,'SACCONE'),(1028,33459617,1,67,961,NULL,16,1,'PABLO SEBASTIAN','13',36,0,'',1,'SAEZ'),(1029,21547338,1,47,1092,NULL,16,1,'GABRIELA','13',24,0,'',1,'SAIDMAN'),(1030,31443611,1,41,537,NULL,21,1,'MARIA FLORENCIA','13',36,0,'',1,'SAINZ'),(1031,32301168,1,17,748,NULL,0,1,' LOURDES JESICA','III-A',36,0,'',1,'SALA'),(1032,32034434,1,27,537,NULL,19,1,'MARIA LUJAN','II-A',36,0,'',1,'SALAS'),(1033,40851455,2,49,693,NULL,13,1,'CLAUDIO MARINO','6',40,0,'',1,'SALAZAR'),(1034,31813189,1,109,620,NULL,17,1,'EVARISTO','III-G',48,0,'COORDINACION ',1,'SALAZAR'),(1035,31606750,2,98,259,NULL,0,1,'EDUARDO','20',48,0,'DIRECTOR/A',1,'SALINAS'),(1036,30600602,2,62,822,NULL,13,1,'MARCIA   ','6',40,0,'',1,'SALINAS'),(1037,38667854,2,62,0,NULL,13,1,'PAULA MILAGROS','6',40,0,'',1,'SALINAS'),(1038,29330707,1,17,748,NULL,16,1,'GISELA Edith','13',36,0,'',1,'SALLEMI'),(1039,38674975,1,83,490,NULL,15,1,'FACUNDO EZEQUIEL ','13',0,24,'',1,'SALTO'),(1040,27118134,1,45,537,NULL,21,1,'EVELINA LOREANA','13',36,0,'',1,'SANABRIA'),(1041,95897909,1,81,167,NULL,15,1,'SIUMIS CRISMAR','13',0,24,'',1,'SANCHEZ CASTILLO'),(1042,11978743,1,76,1092,NULL,17,1,'MARCELO','18',40,0,'JEFE/A',1,'SANCHEZ FERRE'),(1043,24353896,1,51,871,NULL,5,1,'HERNÁN','5',42,0,'',1,'SÁNCHEZ '),(1044,40461357,1,62,822,NULL,19,1,'LUCIA BELEN','9',36,0,'',1,'SANCHEZ'),(1045,37610539,1,62,822,NULL,19,1,'NICOLAS EZEQUIEL','9',42,0,'',1,'SANCHEZ'),(1046,28815707,1,93,537,NULL,21,1,'PAOLA  MARCELA','II-A',40,0,'',1,'SANCHEZ'),(1047,30134771,1,9,525,NULL,16,1,'RODRIGO DANIEL','13',36,0,'',1,'SANCHEZ'),(1048,27180729,1,8,945,NULL,17,1,'VERONICA','III-A',36,0,'',1,'SANCHEZ   '),(1049,33128739,1,42,537,NULL,21,1,'YESICA NOEMI','9',36,0,'',1,'SANCHEZ '),(1050,25499130,1,44,537,NULL,21,1,'ANDREA','13',36,0,'',1,'SANDRINI'),(1051,25218312,1,49,693,NULL,19,1,'CHRISTIAN DANIEL','9',42,0,'',1,'SANGUEDOLCE'),(1052,32918275,1,87,1092,NULL,17,1,'MAXIMILIANO','18',40,0,'JEFE/A',1,'SANTARELLI'),(1053,94297069,1,22,738,NULL,15,1,'CATHERINE SUSANA ','13',0,24,'',1,'SANTIAGO HUAMAN '),(1054,30981545,1,62,822,NULL,19,1,'ANA VERONICA','9',42,0,'',1,'SANTILLAN'),(1055,31358861,1,43,537,NULL,21,1,'GABRIEL DAVID','13',36,0,'',1,'SANTILLAN'),(1056,27230075,2,51,871,NULL,6,1,'VERONICA BEATRIZ','6',40,0,'',1,'SANTOSMINGO'),(1057,30182449,1,85,898,NULL,16,1,'JUAN SEBASTIAN','III-A',24,0,'',1,'SAR'),(1058,36226957,0,61,934,NULL,0,1,'GABRIEL OMAR ','0',0,0,'',1,'SERRAVIA '),(1059,33526440,1,10,0,NULL,16,1,'JONATHAN DAVID','13',24,0,'',1,'SARMIENTO'),(1060,37710454,1,22,738,NULL,15,1,'MARÍA BELÉN','13',0,24,'',1,'SATRUSTEGUI'),(1061,31485579,1,79,907,NULL,16,1,'NORMA GISELE ','III - A ',36,0,'',1,'SAYAGO '),(1062,31425134,1,41,537,NULL,21,1,'SEBASTIAN DAVID ','III-A',36,0,'',1,'SAYAGO '),(1063,34229530,1,49,693,NULL,16,1,'FLORENCIA','13',40,0,'',1,'SCARLETTA'),(1064,33677452,1,83,490,NULL,16,1,'MARIA IRENE','13',12,24,'',1,'SCHREINER'),(1065,27038594,1,43,537,NULL,21,1,'TEOFILO ARIEL ','13',36,0,'',1,'SEBASTIAN'),(1066,41470760,2,52,467,NULL,1,1,'JUAN CRUZ','6',40,0,'',1,'SECO'),(1067,28053212,2,60,378,NULL,1,1,'GASTON','8',42,0,'CHOFER DE AMBULANCIA ',1,'SEDIARI'),(1068,36213015,2,5,259,NULL,7,1,'ANALIA LORENA','18',48,0,'JEFE/A',1,'SEGOVIA'),(1069,22349701,1,44,537,NULL,21,1,'MARCELA HAYDEE','9',36,0,'',1,'SEGOVIA'),(1070,36391585,1,49,693,NULL,19,1,'GEORGINA','9',40,0,'',1,'SEGUNDO '),(1071,96044363,1,83,490,NULL,15,1,'GENESIS CAROLINA','13',0,24,'',1,'SEIJAS'),(1072,34169793,1,66,97,NULL,15,1,'FLORENCIA','13',0,24,'',1,'SELMI'),(1073,35376167,2,50,800,NULL,1,1,'CAROLINA PAULA','6',40,0,'',1,'SEOANE '),(1074,33310881,1,46,537,NULL,21,1,'JIMENA SUSANA',' III-A',36,0,'',1,'SEQUEIRA '),(1075,33196077,1,62,822,NULL,16,1,'CANDELA ELIANA','13',30,0,'',1,'SERRA'),(1076,42138602,2,51,871,NULL,6,1,'ANA PAULA ','6',40,0,'',1,'SERRANO '),(1077,41318445,1,8,945,NULL,16,1,'FLORENCIA','13',36,0,'',1,'SERRANONE'),(1078,23902615,1,64,688,NULL,16,1,'FRANCO WALTER ','13',30,0,'',1,'SERVAT'),(1079,30722085,1,81,167,NULL,15,1,'JESICA ALESIA','13',0,24,'',1,'SERVIN'),(1080,35996081,1,49,693,NULL,16,1,'CAROLINA MICHELLE','13',40,0,'',1,'SFARA'),(1081,34977285,1,83,490,NULL,15,1,'LEANDRO DANIEL ','13',0,24,'',1,'SIERRA'),(1082,34670824,1,40,537,NULL,21,1,'CEFERINO NAHUEL','13',36,0,'',1,'SILVA'),(1083,30888305,2,51,871,NULL,5,1,'DAVID EMANUEL ','5',42,0,'AGENTE DE TRASLADO',1,'SILVA'),(1084,18391683,2,16,389,NULL,0,1,'MARIANA ANDREA','15',40,0,'COORDINADOR/RA',1,'SILVA'),(1085,94595786,1,8,945,NULL,19,1,'VANESA GISELL','9',24,0,'',1,'SILVA VILLALBA'),(1086,32030748,1,17,748,NULL,19,1,'VIVIANA ROMINA','9',30,0,'',1,'SILVA'),(1087,35730327,1,41,537,NULL,21,1,'YANET ELIANA','9',36,0,'',1,'SILVA'),(1088,31315601,1,44,537,NULL,21,1,'YANINA ELIZABETH ','13',36,0,'',1,'SILVA'),(1089,28553865,1,43,537,NULL,21,1,'JOSE ALBERTO','13',36,0,'',1,'SILVERO'),(1090,38841692,1,9,525,NULL,15,1,'MAGALI TATIANA','13',0,24,'',1,'SIMON'),(1091,34776849,1,29,537,NULL,24,1,'MARIA DE LOS ANGELES','15',36,0,'COORDINADOR/RA',1,'SIMONETTI'),(1092,21789602,1,20,259,NULL,3,1,'MARIA LAURA','21',48,0,'DIRECTOR/A',1,'SIRIMARCO'),(1093,34761411,1,73,371,NULL,16,1,'TAMARA VIVIANA','13',12,12,'',1,'SKRIPNIK'),(1094,31554723,1,66,97,NULL,15,1,'ANA INES','13',0,24,'',1,'SLEIMEN'),(1095,40496930,2,19,455,NULL,20,1,'SOFIA MERLINA','8',40,0,'',1,'SOLERNO'),(1096,33990692,1,52,467,NULL,2,1,'CAMILA','13',40,0,'',1,'SOSA'),(1097,38452034,2,51,871,NULL,9,1,'DAIANA AYELEN','9',40,0,'',1,'SOSA '),(1098,20200785,1,67,961,NULL,16,1,'FIDEL PEDRO','13',24,0,'',1,'SOSA'),(1099,23078703,1,46,537,NULL,21,1,'GRISELDA VERONIA','9',36,0,'',1,'SOSA'),(1100,31552703,1,62,822,NULL,16,1,'LUCIANO JAVIER','13',18,0,'',1,'SOSA'),(1101,29111097,2,58,303,NULL,11,1,'RAUL ROBERTO','11',40,0,'COORDINADOR/RA',1,'SOSA'),(1102,43470678,2,3,0,NULL,1,1,'MARTIN RAMIRO','6',40,0,'',1,'SOTO'),(1103,10883788,1,7,1092,NULL,17,1,'JOSE ALBERTO','18',40,0,'JEFE/A',1,'SPALA'),(1104,46278192,2,15,747,NULL,1,1,'THIAGO','6',40,0,'',1,'SPIRAQUIS'),(1105,17454514,1,85,898,NULL,17,1,'JUAN CARLOS','15',40,0,'COORDINADOR/RA',1,'STARINGER'),(1106,33154318,2,71,259,NULL,8,1,'JUAN FRANCISCO','13',42,0,'',1,'STOK CAPELLA'),(1107,27815593,1,9,525,NULL,17,1,'MARIANA LORENA','15',40,0,'COORDINADOR/RA',1,'STRAZZERI'),(1108,28345972,2,19,455,NULL,0,1,'PABLO LUIS','LO',0,0,'',1,'STRINGA'),(1109,36275039,1,22,738,NULL,16,1,'CLAUDIO EMANUEL','13',0,0,'',1,'SUAREZ'),(1110,32869444,1,83,490,NULL,16,1,'LAURA VICTORIA','13',12,24,'',1,'SUAREZ STANGANELLI'),(1111,40755055,2,76,1042,NULL,13,1,'MARIA AGUSTINA','6',40,0,'',1,'SUELDO'),(1112,20348151,1,43,537,NULL,21,1,'ELENA FABIANA','13',36,0,'',1,'SUNNINO'),(1113,38589617,1,8,945,NULL,19,1,'JENNIFER LORELEY','9',42,0,'',1,'SZARUGA'),(1114,32502833,1,41,537,NULL,21,1,'VERONICA NOEMI','13',36,0,'',1,'TABAREZ '),(1115,26931546,1,41,537,NULL,21,1,'NOELIA RUT','13',36,0,'',1,'TACACHO'),(1116,95663186,1,81,167,NULL,15,1,'YTALA STEPHANY','13',0,24,'',1,'TAMALA HURTADO'),(1117,29524253,1,43,537,NULL,21,1,'ROMAN SALOMON','13',36,0,'',1,'TAPIA'),(1118,31196863,1,43,537,NULL,21,1,'ESTEBAN SAMUEL','13',36,0,'',1,'TARICURA'),(1119,35780922,1,42,537,NULL,21,1,'GABRIELA LIZ ','9',36,0,'',1,'TARICURA'),(1120,37556885,1,43,537,NULL,21,1,'YANET ELIZABETH ','9',36,0,'',1,'TARITOLAY'),(1121,34270711,1,67,961,NULL,16,1,'VICTORIA','13',24,0,'',1,'TCHERBBIS TESTA'),(1122,37340096,0,102,537,NULL,0,1,'SOFIA ','0',0,0,'',1,'TEALDI '),(1123,21537944,1,47,1092,NULL,16,1,'VALERIA ','13',36,0,'',1,'TEDESCHI '),(1124,39167150,2,51,871,NULL,5,1,'ALAN ANDRÉS ','5',42,0,'',1,'TELLO'),(1125,33853104,1,85,898,NULL,16,1,'MARIA BELEN','13',36,0,'',1,'TENUTA'),(1126,28802304,1,85,898,NULL,15,1,'CAROLINA','13',0,24,'',1,'TERCERO'),(1127,41473102,1,8,945,NULL,19,1,'MERCEDES ELIZABETH ','II-A',36,0,' ',1,'TERCEROS CORVALAN '),(1128,34462747,1,66,97,NULL,16,1,'AGUSTINA','13',30,0,'',1,'TESTA'),(1129,94307936,1,85,898,NULL,15,1,'JUAN JOSE','13',0,24,'',1,'TICONA'),(1130,26776684,2,52,467,NULL,1,1,'CECILIA ANDREA','III-A',40,0,'',1,'TITTONELL'),(1131,31086796,2,51,871,NULL,6,1,'SABRINA LILIANA MARGARITA ','I-D',40,0,'',1,'TOBARES'),(1132,30732669,1,43,537,NULL,21,1,'NESTOR GABRIEL','13',36,0,'',1,'TOLEDO'),(1133,42255063,2,51,871,NULL,5,1,'AGUSTIN MAXIMILIANO ','5',42,0,'AGENTE DE TRASLADO',1,'TOMADINI'),(1134,39656931,1,49,693,NULL,19,1,'MARIA VICTORIA','9',40,0,'',1,'TOMADINI'),(1135,18812912,1,9,525,NULL,16,1,'PAULA VERONICA','13',30,12,'',1,'TOMAZO'),(1136,20575366,1,47,1092,NULL,16,1,'CLAUDIA ALEJANDRA','13',40,0,'',1,'TONELLI'),(1137,35073209,1,55,411,NULL,16,1,'VALERIA','III-A',36,0,'',1,'TORRE'),(1138,31383765,1,42,537,NULL,21,1,'PABLO GASTÓN','9',36,0,'',1,'TORRELLES '),(1139,45683406,2,72,390,NULL,1,1,'VICTORIA NAHIR','6',40,0,'',1,'TORRES'),(1140,93594520,1,43,537,NULL,21,1,'GEORGINA','II-A',36,0,'',1,'TORRICO ZURITA'),(1141,39164803,1,44,537,NULL,21,1,'ERIK LEONEL','9',36,0,'',1,'TORRILLA'),(1142,31625315,1,28,537,NULL,21,1,'FRANCO GASTON','9',36,0,'',1,'TORRILLA'),(1143,23308769,1,85,898,NULL,16,1,'SANDRA LUISA','13',6,24,'',1,'TOZZI'),(1144,28364851,1,90,0,NULL,0,1,'ALEJANDRO','III-A',36,0,'',1,'TRAININI'),(1145,30755923,1,9,525,NULL,15,1,'ROSANA','13',0,24,'',1,'TRAPANI'),(1146,32881985,2,51,871,NULL,1,1,'MARIA ANTONELA','6',40,0,'',1,'TREZZA '),(1147,35243674,1,47,1092,NULL,16,1,'MARÍA BELÉN','13',36,0,'',1,'TRILLO'),(1148,12427942,1,9,525,NULL,17,1,'JORGE JUAN','15',40,0,'COORDINADOR',1,'TRONCOSO'),(1149,35093821,1,67,1092,NULL,16,1,'AGOSTINA SOLEDAD','13',40,0,'',1,'TROPEA'),(1150,96040779,0,9,1052,NULL,0,1,'DANNY FERNANDO ','0',0,0,'',1,'TRUJILLO MEDINA'),(1151,37898860,1,8,945,NULL,19,1,'SANDRA NOEMI','9',36,0,'',1,'TRULLENQUE'),(1152,29714974,2,65,165,NULL,13,1,'IVANA CARLA','6',40,0,'',1,'TSCHERKASOW'),(1153,33261541,1,41,537,NULL,21,1,'LUCIANA AYELEN','13',36,0,'',1,'TUCCI '),(1154,33482261,1,9,525,NULL,16,1,'JUAN IGNACIO','13',36,0,'',1,'TURCONI'),(1155,37368079,1,8,945,NULL,19,1,'MARINA ANTONELLA','9',30,0,'',1,'UREÑA'),(1156,37204282,1,76,1042,NULL,16,1,'MARIA MACARENA','13',40,0,'',1,'URGORRI'),(1157,35992855,1,8,945,NULL,19,1,'LEONARDA DENISE','9',30,0,'',1,'URRISTI PINAT'),(1158,36683106,1,66,1092,NULL,15,1,'CARLA KAREN ','0',0,24,'',1,'URRUTIA'),(1159,33630606,1,85,898,NULL,16,1,'MELINA MARIEL','13',24,24,'',1,'VALDIVIA'),(1160,33413306,1,44,537,NULL,21,1,'ROCIO ELISABET','9',36,0,'',1,'VELE SANTOS'),(1161,92777300,1,41,537,NULL,21,1,'PAULINA','13',36,0,'',1,'VALENCIA VERDEDJO'),(1162,32882096,1,41,537,NULL,21,1,'MARIA VICTORIA','9',36,0,'',1,'VALENZIANO'),(1163,36993196,1,48,429,NULL,19,1,'ALEXIS EDGARDO','9',40,0,'',1,'VALENZUELA'),(1164,37670423,1,26,537,NULL,21,1,'SILVINA   ','9',40,0,'',1,'VALENZUELA'),(1165,30767802,1,61,934,NULL,15,1,'JANET ERICA','13',0,24,'',1,'VALLEJOS'),(1166,29945506,1,28,537,NULL,21,1,'LILIANA SOFIA','9',36,0,'',1,'VALLEJOS'),(1167,33738658,1,48,429,NULL,19,1,'JUAN CARLOS','9',40,0,'',1,'VALLEJOS PIMIENTA'),(1168,28494475,1,8,945,NULL,19,1,'MIGUEL HORACIO','II-A',36,0,'',1,'VAN PERDEK'),(1169,31522488,1,9,525,NULL,16,1,'GUSTAVO FRANCISCO ','13',24,24,'',1,'VARDARO '),(1170,37492290,1,41,537,NULL,21,1,'EVELIN MARIANA','13',36,0,'',1,'VARELA'),(1171,28011864,1,45,537,NULL,21,1,'LIDIA MARTA','9',36,0,'',1,'VARELA '),(1172,35244902,1,43,537,NULL,21,1,'NOELIA BELEN','9',36,0,'',1,'VARGAS'),(1173,24827441,1,65,165,NULL,19,1,'CAROLINA ANDREA','9',30,0,'',1,'VASCONCELLOS'),(1174,95745822,1,73,371,NULL,15,1,'HESSICA','13',0,36,'',1,'VAZQUEZ HERRERA'),(1175,40719965,2,51,871,NULL,5,1,'MAXIMILIANO DANIEL','5',42,0,'',1,'VAZQUEZ '),(1176,95862019,1,73,371,NULL,15,1,'MARIA MARLENE ','13',0,12,'',1,'VASQUEZ VELASQUEZ'),(1177,29131002,1,83,490,NULL,15,1,'MARIA SOLEDAD ','13',0,24,'',1,'VAZ '),(1178,39910476,1,48,429,NULL,19,1,'ABEL GUSTAVO','9',36,0,'',1,'VAZQUEZ'),(1179,29383254,2,59,824,NULL,11,1,'ANIBAL DAVID','11',40,0,'COORDINADOR/RA',1,'VAZQUEZ'),(1180,35723468,1,99,375,NULL,0,1,'AILEN MAGDALENA ','III - A ',36,0,'',1,'VAZQUEZ BRAYOTTA'),(1181,34504922,1,61,934,NULL,15,1,'LISANDRO FEDERICO','13',0,24,'',1,'VAZQUEZ '),(1182,40077989,1,48,429,NULL,19,1,'LOURDES AGUSTINA','9',36,0,'',1,'VAZQUEZ '),(1183,18783034,1,66,97,NULL,15,1,'JOSE ALBERTO','13',0,12,'',1,'VEGA CHANCAFE'),(1184,42452523,1,62,822,NULL,19,1,'DAIHANA SOLEDAD ','II-A',0,0,'',1,'VELAZQUEZ MACIEL '),(1185,31743569,1,109,0,NULL,15,1,'JORGELINA ANNA','III - A ',0,12,'',1,'VELEZ'),(1186,36375207,2,51,871,NULL,5,1,'CARLOS EZEQUIEL','5',42,0,'AGENTE DE TRASLADO',1,'VELLIZ'),(1187,38932601,2,2,406,NULL,10,1,'SERGIO DANIEL ','I-D',40,0,'',1,'VELIZ'),(1188,33362393,1,67,961,NULL,17,1,'SEBASTIAN NORBERTO','15',40,0,'',1,'VELOSO'),(1189,26806980,1,43,537,NULL,21,1,'HECTOR','9',36,0,'',1,'VERA '),(1190,32031997,1,41,537,NULL,21,1,'LAURA PAMELA','13',36,0,'',1,'VERA'),(1191,29704291,1,26,537,NULL,21,1,'ALEJANDRO OMAR ','9',40,0,'',1,'VERON '),(1192,95123213,1,81,167,NULL,15,1,'JHONNY DONAL','13',0,24,'',1,'VICENTE VIQUE'),(1193,21571347,1,47,1092,NULL,17,1,'MARIA VICTORIA','15',36,0,'COORDINADOR/RA',1,'VIGLIAROLO'),(1194,32847475,1,22,738,NULL,15,1,'MARISOL ','13',0,12,'',1,'VILLCA'),(1195,18834333,1,44,537,NULL,21,1,'MARY ISABEL','13',36,0,'',1,'VILLA PINTO'),(1196,18011151,0,13,0,NULL,0,1,'EDDA CRISTINA ','LO',0,0,'',1,'VILLAAMIL LEPORI'),(1197,30340333,1,85,898,NULL,15,1,'NATALIA','13',0,24,'',1,'VILLACORTA'),(1198,32034450,1,36,537,NULL,24,1,'ROMINA SUSANA','15',36,0,'COORDINADOR/RA',1,'VILLAGRA'),(1199,92443514,1,62,822,NULL,19,1,'MARIA ELENA','9',36,0,'',1,'VILLALONGA'),(1200,94866992,1,26,537,NULL,21,1,'MIRIAM   ','9',40,0,'',1,'VILLAMAYOR DE CARDOZO'),(1201,38692498,2,2,406,NULL,25,1,'DEBORA GISELLE','9',40,0,'',1,'VILLAN'),(1202,32565768,1,85,898,NULL,15,1,'CAROLINA MAGALI','13',0,24,'',1,'VILLANUEVA'),(1203,40126094,1,42,537,NULL,21,1,'JOHANNA GISELLE','9',36,0,'',1,'VILLANUEVA'),(1204,95508738,1,83,490,NULL,15,1,'RUNER RUDY','13',0,24,'',1,'VILLARPANDO MITA'),(1205,33694469,1,8,945,NULL,19,1,'KARINA ISABEL ','9',36,0,'',1,'VILLEGAS '),(1206,31605225,1,49,693,NULL,19,1,'ANDREA SOLEDAD','9',36,0,'',1,'VIOLA'),(1207,27099419,1,69,220,NULL,16,1,'GONZALO MARTIN','13',36,0,'',1,'VIOLLAZ'),(1208,10966173,0,103,0,NULL,0,1,'MARIO','LO',0,0,'ASESOR/RA',1,'VIRGOLINI'),(1209,31191974,1,81,167,NULL,17,1,'LUCIA TATIANA','15',40,0,'COORDINADOR/RA',1,'VISSANI'),(1210,34295985,1,66,97,NULL,15,1,'VIVINANA ALEJANDRA','13',0,24,'',1,'VULCANO'),(1211,30009493,1,17,748,NULL,19,1,'VIVIANA ALEJANDRA','9',24,0,'',1,'WIELLY'),(1212,95739434,1,83,490,NULL,16,1,'CARLOS EDUARDO','13',12,24,'',1,'YACELGA ROMERO'),(1213,27880920,1,62,822,NULL,19,1,'MARIA LUJAN','9',42,0,'',1,'YACONO'),(1214,26849626,1,62,822,NULL,16,1,'MARIA FERNANDA','III - A ',24,0,'',1,'YAUNGUZIAN'),(1215,33442648,1,85,898,NULL,15,1,'ROMINA VERONICA','13',0,24,'',1,'YEBENES'),(1216,35369127,1,46,537,NULL,21,1,'CELESTE SOLEDAD','13',36,0,'',1,'YEGROS'),(1217,35993502,1,61,934,NULL,15,1,'LUCIANO AGUSTIN','13',0,24,'',1,'YETMAN BARUA'),(1218,32767307,1,61,934,NULL,15,1,'ROMINA NOEMI','13',0,12,'',1,'YEJNIEVICH'),(1219,38143057,1,8,945,NULL,19,1,'CAMILA LORENA','9',36,0,'',1,'YUTT'),(1220,31709158,1,7,1103,NULL,16,1,'JEREMIAS AUGUSTO','13',36,0,'',1,'ZABALO'),(1221,29250783,1,43,537,NULL,21,1,'SONIA ALICIA','13',36,0,'',1,'ZACARIAS'),(1222,35097255,1,62,822,NULL,16,1,'LUCIA','13',0,0,'',1,'ZACCARELLO'),(1223,18881629,1,8,945,NULL,16,1,'MARI VERONICA','13',30,0,'',1,'ZAMBRANA PACCI'),(1224,33911589,1,0,0,NULL,16,1,'ALVARO','13',24,24,'',1,'ZAMO'),(1225,33807434,1,45,537,NULL,21,1,'DAIANA','9',36,0,'',1,'ZAMUDIO'),(1226,43040875,1,8,945,NULL,16,1,'ROCIO BELÉN','13',36,0,'',1,'ZAMUDIO'),(1227,41836168,2,72,390,NULL,1,1,'FRANCO TOMAS','6',40,0,'',1,'ZANETTO'),(1228,35906974,1,44,537,NULL,21,1,'JESICA ISABEL','9',36,0,'',1,'ZARACHO'),(1229,34567218,1,30,537,NULL,24,1,'OSCAR DAMIAN','11',36,0,'COORDINADOR/RA',1,'ZARACHO'),(1230,43326525,1,67,1092,NULL,0,1,'ORIANA AGUSTINA','II-A',36,0,'',1,'ZARATE'),(1231,32262621,1,43,537,NULL,21,1,'LAURA LUJAN ','13',36,0,'',1,'ZARATE'),(1232,33620837,2,11,766,NULL,1,1,'LAURA VANESA','6',40,0,'',1,'ZARATE'),(1233,36832635,1,61,934,NULL,15,1,'ROCIO','III-A',0,24,'',1,'ZATO'),(1234,37028069,1,100,537,NULL,21,1,'ANA BELEN ','III - A ',36,0,'',1,'ZERDA'),(1235,38530548,1,8,945,NULL,19,1,'PAULA JUDITH','9',36,0,'',1,'ZITTERKOPF'),(1236,38617600,1,85,1092,NULL,0,1,'VALENTINA','III - A ',36,0,'',1,'ZOPPI'),(1237,35940635,1,69,220,NULL,16,1,'SANTIAGO','13',24,24,'',1,'ZORRILLA'),(1238,33335611,1,55,411,NULL,16,1,'LIUCO AIME','13',30,0,'',1,'ZUBELDIA BRENNER'),(1239,28984457,1,8,945,NULL,16,1,'CAROLINA SOLEDAD','13',36,0,'',1,'ZUPO'),(1240,28031716,1,44,537,NULL,21,1,'CRISTINA BEATRIZ','13',36,0,'',1,'ZURITA'),(1241,36297391,1,67,961,NULL,0,1,'NATALIA KARINA','II-A',36,0,'',1,'CORDOBA'),(1242,32033296,2,58,303,NULL,0,1,'LEONARDO EMMANUEL','II-A',36,0,'',1,'SAYEN'),(1243,30322364,1,109,620,NULL,0,1,'GISELA ESTEFANIA ','III-A',24,0,'',1,'DOME TORRES'),(1244,24853934,1,76,1042,NULL,0,1,'GABRIELA JORGELINA ','III-A',36,0,'',1,'CARRERA'),(1245,33451951,1,0,537,NULL,0,1,'JOANA SOLEDAD','III-A',36,0,'',1,'BULZOMI'),(1246,36832602,1,61,934,NULL,0,1,'AGUSTIN LUCAS','III-A',0,0,'',1,'PISTONE'),(1247,28054316,1,100,375,NULL,0,1,'MARIA LUZ ','II-A',36,0,'',1,'MONTEROS '),(1248,43099982,2,92,0,NULL,0,1,'ORIANA','I-D',40,0,'',1,'MIGUELA '),(1249,33729144,1,44,537,NULL,0,1,'DAGNER YAEL ','II-A',36,0,'',1,'ACOSTA'),(1250,32741477,1,44,537,NULL,0,1,'MATIAS FEDERICO','III-A',36,0,'',1,'ROA'),(1251,34236869,1,43,537,NULL,0,1,'MAYRA ELIZABETH','II-A',36,0,'',1,'ACEBAL ROJAS'),(1252,95711960,1,41,537,NULL,0,1,'MARIANGELYS ALEJANDRA','III-A',36,0,'',1,'ALBORNOZ MONTAÑEZ'),(1253,33460388,1,81,167,NULL,0,1,'VERONICA SANDRA','0',0,24,'',1,'IGLESIAS'),(1254,33185902,1,7,1103,NULL,0,1,'ESTEFANIA ANABEL','III-A',0,24,'',1,'FLEMING'),(1255,28287047,2,51,871,NULL,0,1,'MARIA ESTER','I-D',40,0,'',1,'PEREIRA'),(1256,36995362,1,17,748,NULL,0,1,'MARIA VICTORIA ELIZABETH','III-G',36,0,'COORDINADORA',1,'VARGAS '),(1257,24791504,1,7,1103,NULL,0,1,'ROCIO','0',4,0,'',1,'CARBAJALES'),(1258,32414765,1,43,537,NULL,0,1,'ARMANDO MIGUEL','II-A',36,0,'',1,'MARTINEZ '),(1259,22588299,1,85,898,NULL,0,1,'CORINA ANDREA','0',0,24,'',1,'TADDEO'),(1260,36825103,1,9,525,NULL,0,1,'CAMILA ','III-A',0,0,'',1,'MONTERO'),(1261,94241480,1,44,537,NULL,0,1,'FRIDA ESTHER','III-A',36,0,'',1,'ZABALA PALMA '),(1262,23644438,1,90,1148,NULL,0,1,'SANTIAGO AGUSTIN ','III-A',36,0,'',1,'FLORIT'),(1263,30557951,1,95,537,NULL,0,1,'LAURA  ANGELINA ','II-A',36,0,'',1,'BUZNEGO'),(1264,35582380,1,68,423,NULL,0,1,'TAMARA LUJAN ','III-A',36,0,'',1,'CARBONI'),(1265,94407601,1,85,898,NULL,0,1,'AKEMI LEO ','0',0,24,'',1,'SOLIS CALDERON '),(1266,38007771,1,8,945,NULL,0,1,'DANIEL HERNAN','II-A',40,0,'',1,'GUTIERREZ'),(1267,41257282,2,51,871,NULL,0,1,'CAMILA AGUSTINA ','I-D',40,0,'',1,'FERREYRA '),(1268,44169864,2,80,259,NULL,0,1,'THEO AGUSTIN','I-D',40,0,'',1,'BAJAR'),(1269,35337856,1,85,898,NULL,0,1,'DANIELA LUCIA ','III-A',30,0,'',1,'ALONSO'),(1270,31298557,1,69,220,NULL,0,1,'PABLO CESAR','III-A',0,0,'',1,'DI GIANO '),(1271,26599074,1,95,537,NULL,0,1,'MARICEL DE LOS  ANGELES','III-A',36,0,'',1,'FALCON'),(1272,40154708,1,83,537,NULL,0,1,'VIRGINIA ISABEL ','III-A',36,0,'',1,'CONDORI'),(1273,38123798,1,107,1092,NULL,0,1,'CAMILA','0',0,12,'',1,'HARGUINTEGUY'),(1274,22283369,1,8,945,NULL,0,1,'FABIANA ANDREA ','II-A',0,30,'',1,'CASAJUS'),(1275,36491696,1,43,537,NULL,0,1,'GUSTAVO SEBASTIAN GABRIEL','II-A',36,0,'',1,'MORALES'),(1276,37354713,1,61,934,NULL,0,1,'MARA NOELIA','0',0,12,'',1,'BIONDO MIRABELLO'),(1277,30418880,1,87,873,NULL,0,1,'FRANCISCO ANDRES','0',0,12,'',1,'COPES'),(1278,18807531,1,43,537,NULL,21,1,'WALTER OCTAVIO','13',36,0,'',1,'LUPO ALVAREZ'),(1279,23792330,1,90,1103,NULL,0,1,'SEBASTIAN AUGUSTO','III-A',36,0,'',1,'DIAMANTE'),(1280,44729038,2,88,389,NULL,0,1,'IGNACIO','I-D',40,0,'',1,'FRANCO'),(1281,94529440,2,104,871,NULL,0,1,'ELIEZER JONATHAN','I-A',42,0,'',1,'ALCARAZ CABALLERO'),(1282,21481827,1,90,1103,NULL,0,1,'MARTIN CARLOS ','III-A',36,0,'',1,'GIRARDI GUTIERREZ'),(1283,29374450,1,90,1103,NULL,0,1,'NATALIA SOLEDAD','III-A',36,0,'',1,'AYALA'),(1284,32344416,1,65,165,NULL,0,1,'CINTHIA ROMINA ','II-A',12,24,'',1,'ROLDAN '),(1285,27032139,1,65,165,NULL,0,1,' JOSE ANTONIO','III-A',12,12,'',1,'ACOSTA'),(1286,26046092,1,109,620,NULL,0,1,'ELINA RAQUEL ','III-A',0,12,'',1,'BARLASSINA'),(1287,29432556,2,60,378,NULL,0,1,'GUSTAVO RAFAEL','I-A',42,0,'',1,'SANCHEZ '),(1288,33434321,1,47,1092,NULL,0,1,'MARIA BELEN','II-A',40,0,'',1,'BENITEZ'),(1289,33777909,1,109,620,NULL,0,1,'SANTIAGO','0',0,24,'',1,'DARRIGRAN'),(1290,31109850,2,51,871,NULL,0,1,'HECTOR SEBASTIAN ','I-A',42,0,'',1,'FERNANDEZ '),(1291,29227523,1,47,1092,NULL,0,1,'MARIA SOLEDAD','IV-A',0,0,'',1,'CORREA '),(1292,32311668,1,109,620,NULL,0,1,'NATALIA EDITH','III-A',0,0,'',1,'MOREL '),(1293,13313822,1,1,1092,NULL,0,1,'SILVIA LILIANA ','III-A',36,0,'',1,'COZZA'),(1294,24795622,1,47,1092,NULL,0,1,'MAXIMILIANO ANDRES ','III-A',24,24,'',1,'MULASSI');
UNLOCK TABLES;

DROP TABLE IF EXISTS `usuarios`;
CREATE TABLE `usuarios`(
	`id_usuario` int NOT NULL AUTO_INCREMENT,
    `trabajador` int NOT NULL,
    `usuario` char(8) NOT NULL,
    `contra` varchar(60) NOT NULL,
    `rol` int NOT NULL,
    `flag` tinyint(1) DEFAULT TRUE,
    PRIMARY KEY(`id_usuario`)
)ENGINE=InnoDB AUTO_INCREMENT=2;

LOCK TABLES `usuarios` WRITE;
INSERT INTO `usuarios` VALUES (1,0,'Admin','Cuenca2023',1,1),(2,1,'28749035','123456',3,1),(3,89,'35095712','123456',2,1),(4,97,'25270092','123456',2,1),(5,165,'12515753','123456',2,1),(6,167,'16589268','123456',2,1),(7,171,'25190853','123456',2,1),(8,186,'33024021','123456',2,1),(9,220,'12291678','123456',2,1),(10,259,'22420019','123456',2,1),(11,303,'35518876','123456',2,1),(12,311,'13837278','123456',2,1),(13,371,'24468731','123456',2,1),(14,378,'31978843','123456',2,1),(15,375,'13159460','123456',2,1),(16,389,'24910984','123456',2,1),(17,390,'26605092','123456',2,1),(18,406,'16710981','123456',2,1),(19,411,'28253284','123456',2,1),(20,423,'34295283','123456',2,1),(21,429,'35903335','123456',2,1),(22,455,'11684600','123456',2,1),(23,467,'28768428','123456',2,1),(24,490,'13863693','123456',2,1),(25,493,'25690760','123456',2,1),(26,525,'13424663','123456',2,1),(27,537,'31224731','123456',2,1),(28,583,'29499600','123456',2,1),(29,619,'17393785','123456',2,1),(30,620,'23923697','123456',2,1),(31,667,'26277046','123456',2,1),(32,688,'12766641','123456',2,1),(33,693,'32422850','123456',2,1),(34,738,'26846312','123456',2,1),(35,747,'32255438','123456',2,1),(36,748,'31381276','123456',2,1),(37,766,'28990525','123456',2,1),(38,800,'23974792','123456',2,1),(39,822,'17666602','123456',2,1),(40,824,'35228673','123456',2,1),(41,871,'20503307','123456',2,1),(42,873,'30912389','123456',2,1),(43,898,'23469359','123456',2,1),(44,907,'30926936','123456',2,1),(45,934,'32576541','123456',2,1),(46,945,'24314533','123456',2,1),(47,961,'27288449','123456',2,1),(48,1035,'31606750','123456',2,1),(49,1042,'11978743','123456',2,1),(50,1052,'32918275','123456',2,1),(51,1068,'36213015','123456',2,1),(52,1084,'18391683','123456',2,1),(53,1092,'21789602','123456',2,1),(54,1103,'10883788','123456',2,1),(55,1148,'12427942','123456',2,1);
UNLOCK TABLES;